Workbook

Sheet DashBoard Repair

Sheet Pivot
A1: ST/LT | B1: St | M1: ST/LT | N1: St
F2: ST/LT | G2: St
A3: Post.Date | B3: Sum of Qty (pcs) | C3: Sum of Tonase (Kg) | M3: Grade | N3: Sum of Unrestricted Kg
A4: 46266 | B4: 19264 | C4: 10238.681 | F4: Gudang | G4: Sum of Qty (pcs) | H4: Sum of Tonase (Kg) | M4: Grd C | N4: 70357.219
A5: 46267 | B5: 18118 | C5: 15313.105 | F5: Gd.01 | G5: 9264 | H5: 3860.242 | M5: Prime | N5: 583228.21
A6: 46268 | B6: 26362 | C6: 15162.753 | F6: Gd.05 | G6: 86312 | H6: 52629.631 | M6: Grand Total | N6: 653585.43
A7: 46269 | B7: 16105 | C7: 10113.394 | F7: Gd.13 | G7: 140287 | H7: 93754.404
A8: 46270 | B8: 15323 | C8: 7536.886 | F8: Grand Total | G8: 235863 | H8: 150244.28
A9: 46271 | B9: 8220 | C9: 5191.317
A10: 46272 | B10: 9437 | C10: 7381.46
A11: 46273 | B11: 15410 | C11: 6830.97
A12: 46274 | B12: 19033 | C12: 13826.146
A13: 46275 | B13: 19173 | C13: 16312.916 | M13: Tanggal | N13: Gudang | O13: Shift | P13: Sum of Jumlah Operator
A14: 46276 | B14: 22572 | C14: 14836.369 | M14: 46270 | P14: 10
A15: 46277 | B15: 15120 | C15: 7560.658 | N15: Gd 1 | P15: 1
A16: 46278 | B16: 457 | C16: 1390.725 | O16: 1 | P16: 1
A17: 46279 | B17: 16681 | C17: 7711.541 | N17: Gd 13 | P17: 5
A18: 46280 | B18: 14588 | C18: 10837.356 | O18: 1 | P18: 5
A19: Grand Total | B19: 235863 | C19: 150244.28 | N19: Gd 5 | P19: 4
O20: 1 | P20: 4
M21: Grand Total | P21: 10

Sheet Repair
A1: Plant | B1: Order | C1: Actual W.C. | D1: Post.Date | E1: NAME | F1: LENGTH SIDE | G1: WIDTH SIDE | H1: DIAM MM | I1: TEBAL | J1: PANJANG | K1: Work Centre | L1: Mvt | M1: SLOC | N1: BATCH | O1: GR Qty Pcs | P1: GI Qty Pcs | Q1: GR Base Unit | R1: GI Base Unit | S1: MATERIAL NUMBER | T1: % GR/GI | U1: SETL | V1: Entry Date | W1: Trans. Loc. | X1: User name | Y1: Material Doc. | Z1: Period Pst | AA1: Time of Entry | AB1: Cost Centre | AC1: Qty SETL | AD1: LABELID | AE1: Doc.Date | AF1: HEAT NO. | AG1: REMARK | AH1: XX | AI1: Panjang Pipa | AJ1: ST/LT | AK1: Gudang | AL1: Bulan | AM1: Tonase (Kg) | AN1: Qty (pcs)
A2: 1105 | B2: 500000434115 | C2: REP-501 | D2: 46266 | H2: 28,60 | I2: 1.5 | J2: 267,00mm | K2: REP-501 | L2: 261 | M2: 5E06 | N2: 5261725HEC | O2: 0 | P2: 966 | Q2: 0 | R2: 258.888 | S2: XCB10BCA0150+02670 | T2: 0 | U2: HADAD | V2: 46266 | W2: Handheld | X2: GUDANG05C | Y2: 4912230789 | Z2: 202609 | AA2: 0.7327662 | AB2: 1105421201 | AC2: 0 | AD2: 3001456582 | AE2: 46266 | AI2: =IF(MID(S2,14,1)="A",RIGHT(S2,4)/1,IF(MID(S2,13,1)="+",RIGHT(S2,5)/10,IF(MID(S2,13,1)="-",RIGHT(S2,5)/1))) -> 267 | AJ2: =IF(AI2<3000,"St","LT") -> St | AK2: =VLOOKUP(MID(M2,2,1),Sheet4!A:B,2,FALSE) -> Gd.05 | AL2: =TEXT(D2,"mmmm") -> September | AM2: =Q2 -> 0 | AN2: =O2 -> 0
A3: 1105 | B3: 500000434115 | C3: REP-501 | D3: 46266 | H3: 28,60 | I3: 1.5 | J3: 267,00mm | K3: REP-501 | L3: 262 | M3: 5E06 | N3: 5261725HEC | O3: 0 | P3: -666 | Q3: 0 | R3: -178.488 | S3: XCB10BCA0150+02670 | T3: 0 | U3: HADAD | V3: 46266 | W3: Handheld | X3: GUDANG05C | Y3: 4912230811 | Z3: 202609 | AA3: 0.73553241 | AB3: 1105421201 | AC3: 0 | AD3: 3001456582 | AE3: 46266 | AI3: =IF(MID(S3,14,1)="A",RIGHT(S3,4)/1,IF(MID(S3,13,1)="+",RIGHT(S3,5)/10,IF(MID(S3,13,1)="-",RIGHT(S3,5)/1))) -> 267 | AJ3: =IF(AI3<3000,"St","LT") -> St | AK3: =VLOOKUP(MID(M3,2,1),Sheet4!A:B,2,FALSE) -> Gd.05 | AL3: =TEXT(D3,"mmmm") -> September | AM3: =Q3 -> 0 | AN3: =O3 -> 0
A4: 1105 | B4: 500000434115 | C4: REP-501 | D4: 46266 | H4: 28,60 | I4: 1.5 | J4: 267,00mm | K4: REP-501 | L4: 101 | M4: 5E07 | N4: 5261725HEA | O4: 300 | P4: 0 | Q4: 80.4 | R4: 0 | S4: XCB10BCA0150+02670 | T4: 0 | U4: HADAD | V4: 46266 | W4: Handheld | X4: GUDANG05C | Y4: 5002102636 | Z4: 202609 | AA4: 0.73305556 | AB4: 1105421201 | AC4: 0 | AD4: 3001456596 | AE4: 46266 | AI4: =IF(MID(S4,14,1)="A",RIGHT(S4,4)/1,IF(MID(S4,13,1)="+",RIGHT(S4,5)/10,IF(MID(S4,13,1)="-",RIGHT(S4,5)/1))) -> 267 | AJ4: =IF(AI4<3000,"St","LT") -> St | AK4: =VLOOKUP(MID(M4,2,1),Sheet4!A:B,2,FALSE) -> Gd.05 | AL4: =TEXT(D4,"mmmm") -> September | AM4: =Q4 -> 80.4 | AN4: =O4 -> 300
A5: 1105 | B5: 500000434614 | C5: REP-501 | D5: 46266 | H5: 50,80 | I5: 2.8 | J5: 388,00mm | K5: REP-501 | L5: 262 | M5: 5M08 | N5: 5261787HGC | O5: 0 | P5: -532 | Q5: 0 | R5: -684.152 | S5: YBB10CAA0280+03880 | T5: 0 | U5: WHKARU_SUHAR | V5: 46266 | W5: Desktop | X5: GUDANGADM02 | Y5: 4912229845 | Z5: 202609 | AA5: 0.64542824 | AB5: 1105421201 | AC5: 0 | AD5: 3001452701 | AE5: 46266 | AF5: - | AG5: PT. CHANDRA NUG | AI5: =IF(MID(S5,14,1)="A",RIGHT(S5,4)/1,IF(MID(S5,13,1)="+",RIGHT(S5,5)/10,IF(MID(S5,13,1)="-",RIGHT(S5,5)/1))) -> 388 | AJ5: =IF(AI5<3000,"St","LT") -> St | AK5: =VLOOKUP(MID(M5,2,1),Sheet4!A:B,2,FALSE) -> Gd.13 | AL5: =TEXT(D5,"mmmm") -> September | AM5: =Q5 -> 0 | AN5: =O5 -> 0
A6: 1105 | B6: 500000438000 | C6: REP-501 | D6: 46266 | H6: 50,80 | I6: 2.9 | J6: 384,00mm | K6: REP-501 | L6: 261 | M6: 5M08 | N6: 5261165HGC | O6: 0 | P6: 60 | Q6: 0 | R6: 78.9 | S6: YEB12CAA0290+03840 | T6: 0 | V6: 46266 | W6: Handheld | X6: GUDANG13C | Y6: 4912232002 | Z6: 202609 | AA6: 0.91601852 | AB6: 1105421201 | AC6: 0 | AD6: 4002013148 | AE6: 46266 | AI6: =IF(MID(S6,14,1)="A",RIGHT(S6,4)/1,IF(MID(S6,13,1)="+",RIGHT(S6,5)/10,IF(MID(S6,13,1)="-",RIGHT(S6,5)/1))) -> 384 | AJ6: =IF(AI6<3000,"St","LT") -> St | AK6: =VLOOKUP(MID(M6,2,1),Sheet4!A:B,2,FALSE) -> Gd.13 | AL6: =TEXT(D6,"mmmm") -> September | AM6: =Q6 -> 0 | AN6: =O6 -> 0
A7: 1105 | B7: 500000438000 | C7: REP-501 | D7: 46266 | H7: 50,80 | I7: 2.9 | J7: 384,00mm | K7: REP-501 | L7: 261 | M7: 5M08 | N7: 5261165HGC | O7: 0 | P7: 60 | Q7: 0 | R7: 78.9 | S7: YEB12CAA0290+03840 | T7: 0 | V7: 46266 | W7: Handheld | X7: GUDANG13C | Y7: 4912232003 | Z7: 202609 | AA7: 0.91648148 | AB7: 1105421201 | AC7: 0 | AD7: 4001995355 | AE7: 46266 | AI7: =IF(MID(S7,14,1)="A",RIGHT(S7,4)/1,IF(MID(S7,13,1)="+",RIGHT(S7,5)/10,IF(MID(S7,13,1)="-",RIGHT(S7,5)/1))) -> 384 | AJ7: =IF(AI7<3000,"St","LT") -> St | AK7: =VLOOKUP(MID(M7,2,1),Sheet4!A:B,2,FALSE) -> Gd.13 | AL7: =TEXT(D7,"mmmm") -> September | AM7: =Q7 -> 0 | AN7: =O7 -> 0
A8: 1105 | B8: 500000438000 | C8: REP-501 | D8: 46266 | E8: PT ASTEMO BEKASI MANUFACTURING | H8: 50,80 | I8: 2.9 | J8: 384,00mm | K8: REP-501 | L8: 101 | M8: 5M08 | N8: 5261165HGA | O8: 60 | P8: 0 | Q8: 78.9 | R8: 0 | S8: YEB12CAA0290+03840 | T8: 0 | V8: 46266 | W8: Handheld | X8: GUDANG13C | Y8: 5002102880 | Z8: 202609 | AA8: 0.91702546 | AB8: 1105421201 | AC8: 0 | AD8: 4002146875 | AE8: 46266 | AI8: =IF(MID(S8,14,1)="A",RIGHT(S8,4)/1,IF(MID(S8,13,1)="+",RIGHT(S8,5)/10,IF(MID(S8,13,1)="-",RIGHT(S8,5)/1))) -> 384 | AJ8: =IF(AI8<3000,"St","LT") -> St | AK8: =VLOOKUP(MID(M8,2,1),Sheet4!A:B,2,FALSE) -> Gd.13 | AL8: =TEXT(D8,"mmmm") -> September | AM8: =Q8 -> 78.9 | AN8: =O8 -> 60
A9: 1105 | B9: 500000438000 | C9: REP-501 | D9: 46266 | E9: PT ASTEMO BEKASI MANUFACTURING | H9: 50,80 | I9: 2.9 | J9: 384,00mm | K9: REP-501 | L9: 101 | M9: 5M08 | N9: 5261165HGA | O9: 60 | P9: 0 | Q9: 78.9 | R9: 0 | S9: YEB12CAA0290+03840 | T9: 0 | V9: 46266 | W9: Handheld | X9: GUDANG13C | Y9: 5002102880 | Z9: 202609 | AA9: 0.91702546 | AB9: 1105421201 | AC9: 0 | AD9: 4002146876 | AE9: 46266 | AI9: =IF(MID(S9,14,1)="A",RIGHT(S9,4)/1,IF(MID(S9,13,1)="+",RIGHT(S9,5)/10,IF(MID(S9,13,1)="-",RIGHT(S9,5)/1))) -> 384 | AJ9: =IF(AI9<3000,"St","LT") -> St | AK9: =VLOOKUP(MID(M9,2,1),Sheet4!A:B,2,FALSE) -> Gd.13 | AL9: =TEXT(D9,"mmmm") -> September | AM9: =Q9 -> 78.9 | AN9: =O9 -> 60
A10: 1105 | B10: 500000438000 | C10: REP-501 | D10: 46266 | E10: PT ASTEMO BEKASI MANUFACTURING | H10: 50,80 | I10: 2.9 | J10: 384,00mm | K10: REP-501 | L10: 101 | M10: 5M08 | N10: 5261165HGA | O10: 60 | P10: 0 | Q10: 78.9 | R10: 0 | S10: YEB12CAA0290+03840 | T10: 0 | V10: 46266 | W10: Handheld | X10: GUDANG13C | Y10: 5002102855 | Z10: 202609 | AA10: 0.87983796 | AB10: 1105421201 | AC10: 0 | AD10: 4002146874 | AE10: 46266 | AI10: =IF(MID(S10,14,1)="A",RIGHT(S10,4)/1,IF(MID(S10,13,1)="+",RIGHT(S10,5)/10,IF(MID(S10,13,1)="-",RIGHT(S10,5)/1))) -> 384 | AJ10: =IF(AI10<3000,"St","LT") -> St | AK10: =VLOOKUP(MID(M10,2,1),Sheet4!A:B,2,FALSE) -> Gd.13 | AL10: =TEXT(D10,"mmmm") -> September | AM10: =Q10 -> 78.9 | AN10: =O10 -> 60
A11: 1105 | B11: 500000438000 | C11: REP-501 | D11: 46266 | E11: PT ASTEMO BEKASI MANUFACTURING | H11: 50,80 | I11: 2.9 | J11: 384,00mm | K11: REP-501 | L11: 101 | M11: 5M08 | N11: 5261165HGA | O11: 60 | P11: 0 | Q11: 78.9 | R11: 0 | S11: YEB12CAA0290+03840 | T11: 0 | V11: 46266 | W11: Handheld | X11: GUDANG13C | Y11: 5002102855 | Z11: 202609 | AA11: 0.87983796 | AB11: 1105421201 | AC11: 0 | AD11: 4002146873 | AE11: 46266 | AI11: =IF(MID(S11,14,1)="A",RIGHT(S11,4)/1,IF(MID(S11,13,1)="+",RIGHT(S11,5)/10,IF(MID(S11,13,1)="-",RIGHT(S11,5)/1))) -> 384 | AJ11: =IF(AI11<3000,"St","LT") -> St | AK11: =VLOOKUP(MID(M11,2,1),Sheet4!A:B,2,FALSE) -> Gd.13 | AL11: =TEXT(D11,"mmmm") -> September | AM11: =Q11 -> 78.9 | AN11: =O11 -> 60
A12: 1105 | B12: 500000438000 | C12: REP-501 | D12: 46266 | H12: 50,80 | I12: 2.9 | J12: 384,00mm | K12: REP-501 | L12: 261 | M12: 5M08 | N12: 5261165HGC | O12: 0 | P12: 60 | Q12: 0 | R12: 78.9 | S12: YEB12CAA0290+03840 | T12: 0 | V12: 46266 | W12: Handheld | X12: GUDANG13C | Y12: 4912231820 | Z12: 202609 | AA12: 0.87960648 | AB12: 1105421201 | AC12: 0 | AD12: 4002013147 | AE12: 46266 | AI12: =IF(MID(S12,14,1)="A",RIGHT(S12,4)/1,IF(MID(S12,13,1)="+",RIGHT(S12,5)/10,IF(MID(S12,13,1)="-",RIGHT(S12,5)/1))) -> 384 | AJ12: =IF(AI12<3000,"St","LT") -> St | AK12: =VLOOKUP(MID(M12,2,1),Sheet4!A:B,2,FALSE) -> Gd.13 | AL12: =TEXT(D12,"mmmm") -> September | AM12: =Q12 -> 0 | AN12: =O12 -> 0
A13: 1105 | B13: 500000438000 | C13: REP-501 | D13: 46266 | H13: 50,80 | I13: 2.9 | J13: 384,00mm | K13: REP-501 | L13: 261 | M13: 5M08 | N13: 5261165HGC | O13: 0 | P13: 60 | Q13: 0 | R13: 78.9 | S13: YEB12CAA0290+03840 | T13: 0 | V13: 46266 | W13: Handheld | X13: GUDANG13C | Y13: 4912231809 | Z13: 202609 | AA13: 0.87945602 | AB13: 1105421201 | AC13: 0 | AD13: 4001995356 | AE13: 46266 | AI13: =IF(MID(S13,14,1)="A",RIGHT(S13,4)/1,IF(MID(S13,13,1)="+",RIGHT(S13,5)/10,IF(MID(S13,13,1)="-",RIGHT(S13,5)/1))) -> 384 | AJ13: =IF(AI13<3000,"St","LT") -> St | AK13: =VLOOKUP(MID(M13,2,1),Sheet4!A:B,2,FALSE) -> Gd.13 | AL13: =TEXT(D13,"mmmm") -> September | AM13: =Q13 -> 0 | AN13: =O13 -> 0
A14: 1105 | B14: 500000438014 | C14: REP-501 | D14: 46266 | H14: 25,40 | I14: 0.6 | J14: 230,00mm | K14: REP-501 | L14: 261 | M14: 5M08 | N14: 5250628S0C | O14: 0 | P14: 12 | Q14: 0 | R14: 1.008 | S14: X1B12BAA0060+02300 | T14: 0 | U14: OBORGUDANG13 | V14: 46266 | W14: Handheld | X14: GUDANG13C | Y14: 4912231418 | Z14: 202609 | AA14: 0.82055556 | AB14: 1105421201 | AC14: 0 | AD14: 4001947985 | AE14: 46266 | AI14: =IF(MID(S14,14,1)="A",RIGHT(S14,4)/1,IF(MID(S14,13,1)="+",RIGHT(S14,5)/10,IF(MID(S14,13,1)="-",RIGHT(S14,5)/1))) -> 230 | AJ14: =IF(AI14<3000,"St","LT") -> St | AK14: =VLOOKUP(MID(M14,2,1),Sheet4!A:B,2,FALSE) -> Gd.13 | AL14: =TEXT(D14,"mmmm") -> September | AM14: =Q14 -> 0 | AN14: =O14 -> 0
A15: 1105 | B15: 500000438014 | C15: REP-501 | D15: 46266 | H15: 25,40 | I15: 0.6 | J15: 230,00mm | K15: REP-501 | L15: 261 | M15: 5M08 | N15: 5243254S0C | O15: 0 | P15: 68 | Q15: 0 | R15: 5.712 | S15: X1B12BAA0060+02300 | T15: 0 | U15: OBORGUDANG13 | V15: 46266 | W15: Handheld | X15: GUDANG13C | Y15: 4912231460 | Z15: 202609 | AA15: 0.82065972 | AB15: 1105421201 | AC15: 0 | AD15: 4001947984 | AE15: 46266 | AI15: =IF(MID(S15,14,1)="A",RIGHT(S15,4)/1,IF(MID(S15,13,1)="+",RIGHT(S15,5)/10,IF(MID(S15,13,1)="-",RIGHT(S15,5)/1))) -> 230 | AJ15: =IF(AI15<3000,"St","LT") -> St | AK15: =VLOOKUP(MID(M15,2,1),Sheet4!A:B,2,FALSE) -> Gd.13 | AL15: =TEXT(D15,"mmmm") -> September | AM15: =Q15 -> 0 | AN15: =O15 -> 0
A16: 1105 | B16: 500000438014 | C16: REP-501 | D16: 46266 | H16: 25,40 | I16: 0.6 | J16: 230,00mm | K16: REP-501 | L16: 261 | M16: 5M08 | N16: 5243254S0C | O16: 0 | P16: 80 | Q16: 0 | R16: 6.72 | S16: X1B12BAA0060+02300 | T16: 0 | U16: OBORGUDANG13 | V16: 46266 | W16: Handheld | X16: GUDANG13C | Y16: 4912231462 | Z16: 202609 | AA16: 0.8208912 | AB16: 1105421201 | AC16: 0 | AD16: 4001947982 | AE16: 46266 | AI16: =IF(MID(S16,14,1)="A",RIGHT(S16,4)/1,IF(MID(S16,13,1)="+",RIGHT(S16,5)/10,IF(MID(S16,13,1)="-",RIGHT(S16,5)/1))) -> 230 | AJ16: =IF(AI16<3000,"St","LT") -> St | AK16: =VLOOKUP(MID(M16,2,1),Sheet4!A:B,2,FALSE) -> Gd.13 | AL16: =TEXT(D16,"mmmm") -> September | AM16: =Q16 -> 0 | AN16: =O16 -> 0
A17: 1105 | B17: 500000438014 | C17: REP-501 | D17: 46266 | E17: PT ASTEMO BEKASI MANUFACTURING | H17: 25,40 | I17: 0.6 | J17: 230,00mm | K17: REP-501 | L17: 101 | M17: 5M08 | N17: 5243254S0A | O17: 43 | P17: 0 | Q17: 3.612 | R17: 0 | S17: X1B12BAA0060+02300 | T17: 0 | U17: OBORGUDANG13 | V17: 46266 | W17: Handheld | X17: GUDANG13C | Y17: 5002102816 | Z17: 202609 | AA17: 0.82118056 | AB17: 1105421201 | AC17: 0 | AD17: 4002147419 | AE17: 46266 | AI17: =IF(MID(S17,14,1)="A",RIGHT(S17,4)/1,IF(MID(S17,13,1)="+",RIGHT(S17,5)/10,IF(MID(S17,13,1)="-",RIGHT(S17,5)/1))) -> 230 | AJ17: =IF(AI17<3000,"St","LT") -> St | AK17: =VLOOKUP(MID(M17,2,1),Sheet4!A:B,2,FALSE) -> Gd.13 | AL17: =TEXT(D17,"mmmm") -> September | AM17: =Q17 -> 3.612 | AN17: =O17 -> 43
A18: 1105 | B18: 500000438014 | C18: REP-501 | D18: 46266 | E18: PT ASTEMO BEKASI MANUFACTURING | H18: 25,40 | I18: 0.6 | J18: 230,00mm | K18: REP-501 | L18: 101 | M18: 5M08 | N18: 5243254S0A | O18: 12 | P18: 0 | Q18: 1.008 | R18: 0 | S18: X1B12BAA0060+02300 | T18: 0 | U18: OBORGUDANG13 | V18: 46266 | W18: Handheld | X18: GUDANG13C | Y18: 5002102816 | Z18: 202609 | AA18: 0.82118056 | AB18: 1105421201 | AC18: 0 | AD18: 4002147420 | AE18: 46266 | AI18: =IF(MID(S18,14,1)="A",RIGHT(S18,4)/1,IF(MID(S18,13,1)="+",RIGHT(S18,5)/10,IF(MID(S18,13,1)="-",RIGHT(S18,5)/1))) -> 230 | AJ18: =IF(AI18<3000,"St","LT") -> St | AK18: =VLOOKUP(MID(M18,2,1),Sheet4!A:B,2,FALSE) -> Gd.13 | AL18: =TEXT(D18,"mmmm") -> September | AM18: =Q18 -> 1.008 | AN18: =O18 -> 12
A19: 1105 | B19: 500000438014 | C19: REP-501 | D19: 46266 | E19: PT ASTEMO BEKASI MANUFACTURING | H19: 25,40 | I19: 0.6 | J19: 230,00mm | K19: REP-501 | L19: 101 | M19: 5M08 | N19: 5243254S0A | O19: 57 | P19: 0 | Q19: 4.788 | R19: 0 | S19: X1B12BAA0060+02300 | T19: 0 | U19: OBORGUDANG13 | V19: 46266 | W19: Handheld | X19: GUDANG13C | Y19: 5002102816 | Z19: 202609 | AA19: 0.82118056 | AB19: 1105421201 | AC19: 0 | AD19: 4002147421 | AE19: 46266 | AI19: =IF(MID(S19,14,1)="A",RIGHT(S19,4)/1,IF(MID(S19,13,1)="+",RIGHT(S19,5)/10,IF(MID(S19,13,1)="-",RIGHT(S19,5)/1))) -> 230 | AJ19: =IF(AI19<3000,"St","LT") -> St | AK19: =VLOOKUP(MID(M19,2,1),Sheet4!A:B,2,FALSE) -> Gd.13 | AL19: =TEXT(D19,"mmmm") -> September | AM19: =Q19 -> 4.788 | AN19: =O19 -> 57
A20: 1105 | B20: 500000438214 | C20: REP-501 | D20: 46266 | E20: PT. TRIMITRA CHITRAHASTA | H20: 22,20 | I20: 1.9 | J20: 719,00mm | K20: REP-501 | L20: 101 | M20: 5M08 | N20: 5252082HIA | O20: 66 | P20: 0 | Q20: 45.144 | R20: 0 | S20: XCB12AOA0190+07190 | T20: 0 | V20: 46266 | W20: Handheld | X20: GUDANG13C | Y20: 5002102090 | Z20: 202609 | AA20: 0.54763889 | AB20: 1105421201 | AC20: 0 | AD20: 4002146562 | AE20: 46266 | AI20: =IF(MID(S20,14,1)="A",RIGHT(S20,4)/1,IF(MID(S20,13,1)="+",RIGHT(S20,5)/10,IF(MID(S20,13,1)="-",RIGHT(S20,5)/1))) -> 719 | AJ20: =IF(AI20<3000,"St","LT") -> St | AK20: =VLOOKUP(MID(M20,2,1),Sheet4!A:B,2,FALSE) -> Gd.13 | AL20: =TEXT(D20,"mmmm") -> September | AM20: =Q20 -> 45.144 | AN20: =O20 -> 66
A21: 1105 | B21: 500000438214 | C21: REP-501 | D21: 46266 | E21: PT. TRIMITRA CHITRAHASTA | H21: 22,20 | I21: 1.9 | J21: 719,00mm | K21: REP-501 | L21: 101 | M21: 5M08 | N21: 5252082HIA | O21: 10 | P21: 0 | Q21: 6.84 | R21: 0 | S21: XCB12AOA0190+07190 | T21: 0 | V21: 46266 | W21: Handheld | X21: GUDANG13C | Y21: 5002101914 | Z21: 202609 | AA21: 0.42423611 | AB21: 1105421201 | AC21: 0 | AD21: 4002146478 | AE21: 46266 | AI21: =IF(MID(S21,14,1)="A",RIGHT(S21,4)/1,IF(MID(S21,13,1)="+",RIGHT(S21,5)/10,IF(MID(S21,13,1)="-",RIGHT(S21,5)/1))) -> 719 | AJ21: =IF(AI21<3000,"St","LT") -> St | AK21: =VLOOKUP(MID(M21,2,1),Sheet4!A:B,2,FALSE) -> Gd.13 | AL21: =TEXT(D21,"mmmm") -> September | AM21: =Q21 -> 6.84 | AN21: =O21 -> 10
A22: 1105 | B22: 500000438214 | C22: REP-501 | D22: 46266 | E22: PT. TRIMITRA CHITRAHASTA | H22: 22,20 | I22: 1.9 | J22: 719,00mm | K22: REP-501 | L22: 101 | M22: 5M08 | N22: 5261756HIA | O22: 207 | P22: 0 | Q22: 141.588 | R22: 0 | S22: XCB12AOA0190+07190 | T22: 0 | V22: 46266 | W22: Handheld | X22: GUDANG13C | Y22: 5002101914 | Z22: 202609 | AA22: 0.42423611 | AB22: 1105421201 | AC22: 0 | AD22: 4002146477 | AE22: 46266 | AI22: =IF(MID(S22,14,1)="A",RIGHT(S22,4)/1,IF(MID(S22,13,1)="+",RIGHT(S22,5)/10,IF(MID(S22,13,1)="-",RIGHT(S22,5)/1))) -> 719 | AJ22: =IF(AI22<3000,"St","LT") -> St | AK22: =VLOOKUP(MID(M22,2,1),Sheet4!A:B,2,FALSE) -> Gd.13 | AL22: =TEXT(D22,"mmmm") -> September | AM22: =Q22 -> 141.588 | AN22: =O22 -> 207
A23: 1105 | B23: 500000438214 | C23: REP-501 | D23: 46266 | E23: PT. TRIMITRA CHITRAHASTA | H23: 22,20 | I23: 1.9 | J23: 719,00mm | K23: REP-501 | L23: 101 | M23: 5M08 | N23: 5261756HIA | O23: 217 | P23: 0 | Q23: 148.428 | R23: 0 | S23: XCB12AOA0190+07190 | T23: 0 | V23: 46266 | W23: Handheld | X23: GUDANG13C | Y23: 5002101914 | Z23: 202609 | AA23: 0.42423611 | AB23: 1105421201 | AC23: 0 | AD23: 4002146476 | AE23: 46266 | AI23: =IF(MID(S23,14,1)="A",RIGHT(S23,4)/1,IF(MID(S23,13,1)="+",RIGHT(S23,5)/10,IF(MID(S23,13,1)="-",RIGHT(S23,5)/1))) -> 719 | AJ23: =IF(AI23<3000,"St","LT") -> St | AK23: =VLOOKUP(MID(M23,2,1),Sheet4!A:B,2,FALSE) -> Gd.13 | AL23: =TEXT(D23,"mmmm") -> September | AM23: =Q23 -> 148.428 | AN23: =O23 -> 217
A24: 1105 | B24: 500000438214 | C24: REP-501 | D24: 46266 | H24: 22,20 | I24: 1.9 | J24: 719,00mm | K24: REP-501 | L24: 261 | M24: 5M08 | N24: 5252082HIC | O24: 0 | P24: 76 | Q24: 0 | R24: 51.984 | S24: XCB12AOA0190+07190 | T24: 0 | V24: 46266 | W24: Handheld | X24: GUDANG13C | Y24: 4912227311 | Z24: 202609 | AA24: 0.42349537 | AB24: 1105421201 | AC24: 0 | AD24: 4002019614 | AE24: 46266 | AI24: =IF(MID(S24,14,1)="A",RIGHT(S24,4)/1,IF(MID(S24,13,1)="+",RIGHT(S24,5)/10,IF(MID(S24,13,1)="-",RIGHT(S24,5)/1))) -> 719 | AJ24: =IF(AI24<3000,"St","LT") -> St | AK24: =VLOOKUP(MID(M24,2,1),Sheet4!A:B,2,FALSE) -> Gd.13 | AL24: =TEXT(D24,"mmmm") -> September | AM24: =Q24 -> 0 | AN24: =O24 -> 0
A25: 1105 | B25: 500000438214 | C25: REP-501 | D25: 46266 | H25: 22,20 | I25: 1.9 | J25: 719,00mm | K25: REP-501 | L25: 261 | M25: 5M08 | N25: 5261756HIC | O25: 0 | P25: 424 | Q25: 0 | R25: 290.016 | S25: XCB12AOA0190+07190 | T25: 0 | V25: 46266 | W25: Handheld | X25: GUDANG13C | Y25: 4912227286 | Z25: 202609 | AA25: 0.42090278 | AB25: 1105421201 | AC25: 0 | AD25: 4002146503 | AE25: 46266 | AI25: =IF(MID(S25,14,1)="A",RIGHT(S25,4)/1,IF(MID(S25,13,1)="+",RIGHT(S25,5)/10,IF(MID(S25,13,1)="-",RIGHT(S25,5)/1))) -> 719 | AJ25: =IF(AI25<3000,"St","LT") -> St | AK25: =VLOOKUP(MID(M25,2,1),Sheet4!A:B,2,FALSE) -> Gd.13 | AL25: =TEXT(D25,"mmmm") -> September | AM25: =Q25 -> 0 | AN25: =O25 -> 0
A26: 1105 | B26: 500000438228 | C26: REP-501 | D26: 46266 | E26: PT. KAYABA INDONESIA | H26: 53,00 | I26: 0.7 | J26: 177,00mm | K26: REP-501 | L26: 101 | M26: 5A11 | N26: 5251615L0A | O26: 50 | P26: 0 | Q26: 8 | R26: 0 | S26: X1B27CBG0070+01770 | T26: 0 | U26: OBOR | V26: 46266 | W26: Handheld | X26: GUDANG01B | Y26: 5002101982 | Z26: 202609 | AA26: 0.45283565 | AB26: 1105421201 | AC26: 0 | AD26: 4002146497 | AE26: 46266 | AI26: =IF(MID(S26,14,1)="A",RIGHT(S26,4)/1,IF(MID(S26,13,1)="+",RIGHT(S26,5)/10,IF(MID(S26,13,1)="-",RIGHT(S26,5)/1))) -> 177 | AJ26: =IF(AI26<3000,"St","LT") -> St | AK26: =VLOOKUP(MID(M26,2,1),Sheet4!A:B,2,FALSE) -> Gd.01 | AL26: =TEXT(D26,"mmmm") -> September | AM26: =Q26 -> 8 | AN26: =O26 -> 50
A27: 1105 | B27: 500000438228 | C27: REP-501 | D27: 46266 | E27: PT. KAYABA INDONESIA | H27: 53,00 | I27: 0.7 | J27: 177,00mm | K27: REP-501 | L27: 101 | M27: 5A11 | N27: 5251615L0A | O27: 50 | P27: 0 | Q27: 8 | R27: 0 | S27: X1B27CBG0070+01770 | T27: 0 | U27: OBOR | V27: 46266 | W27: Handheld | X27: GUDANG01B | Y27: 5002101982 | Z27: 202609 | AA27: 0.45283565 | AB27: 1105421201 | AC27: 0 | AD27: 4002146496 | AE27: 46266 | AI27: =IF(MID(S27,14,1)="A",RIGHT(S27,4)/1,IF(MID(S27,13,1)="+",RIGHT(S27,5)/10,IF(MID(S27,13,1)="-",RIGHT(S27,5)/1))) -> 177 | AJ27: =IF(AI27<3000,"St","LT") -> St | AK27: =VLOOKUP(MID(M27,2,1),Sheet4!A:B,2,FALSE) -> Gd.01 | AL27: =TEXT(D27,"mmmm") -> September | AM27: =Q27 -> 8 | AN27: =O27 -> 50
A28: 1105 | B28: 500000438228 | C28: REP-501 | D28: 46266 | H28: 53,00 | I28: 0.7 | J28: 177,00mm | K28: REP-501 | L28: 261 | M28: 5A06 | N28: 5251615L0C | O28: 0 | P28: 100 | Q28: 0 | R28: 16 | S28: X1B27CBG0070+01770 | T28: 0 | U28: 0BOR | V28: 46266 | W28: Handheld | X28: GUDANG01B | Y28: 4912227646 | Z28: 202609 | AA28: 0.45261574 | AB28: 1105421201 | AC28: 0 | AD28: 4001809198 | AE28: 46266 | AI28: =IF(MID(S28,14,1)="A",RIGHT(S28,4)/1,IF(MID(S28,13,1)="+",RIGHT(S28,5)/10,IF(MID(S28,13,1)="-",RIGHT(S28,5)/1))) -> 177 | AJ28: =IF(AI28<3000,"St","LT") -> St | AK28: =VLOOKUP(MID(M28,2,1),Sheet4!A:B,2,FALSE) -> Gd.01 | AL28: =TEXT(D28,"mmmm") -> September | AM28: =Q28 -> 0 | AN28: =O28 -> 0
A29: 1105 | B29: 500000438248 | C29: REP-501 | D29: 46266 | E29: PT. KAYABA INDONESIA | H29: 25,40 | I29: 0.5 | J29: 165,00mm | K29: REP-501 | L29: 101 | M29: 5M08 | N29: 5251263S0A | O29: 378 | P29: 0 | Q29: 19.278 | R29: 0 | S29: X1B12BAA0050+01650 | T29: 0 | V29: 46266 | W29: Handheld | X29: GUDANG13C | Y29: 5002102070 | Z29: 202609 | AA29: 0.53953704 | AB29: 1105421201 | AC29: 0 | AD29: 4002146540 | AE29: 46266 | AF29: SQ86126 | AI29: =IF(MID(S29,14,1)="A",RIGHT(S29,4)/1,IF(MID(S29,13,1)="+",RIGHT(S29,5)/10,IF(MID(S29,13,1)="-",RIGHT(S29,5)/1))) -> 165 | AJ29: =IF(AI29<3000,"St","LT") -> St | AK29: =VLOOKUP(MID(M29,2,1),Sheet4!A:B,2,FALSE) -> Gd.13 | AL29: =TEXT(D29,"mmmm") -> September | AM29: =Q29 -> 19.278 | AN29: =O29 -> 378
A30: 1105 | B30: 500000438248 | C30: REP-501 | D30: 46266 | E30: PT. KAYABA INDONESIA | H30: 25,40 | I30: 0.5 | J30: 165,00mm | K30: REP-501 | L30: 101 | M30: 5M08 | N30: 5251263S0A | O30: 100 | P30: 0 | Q30: 5.1 | R30: 0 | S30: X1B12BAA0050+01650 | T30: 0 | V30: 46266 | W30: Handheld | X30: GUDANG13C | Y30: 5002102070 | Z30: 202609 | AA30: 0.53953704 | AB30: 1105421201 | AC30: 0 | AD30: 4002146541 | AE30: 46266 | AF30: SQ86126 | AI30: =IF(MID(S30,14,1)="A",RIGHT(S30,4)/1,IF(MID(S30,13,1)="+",RIGHT(S30,5)/10,IF(MID(S30,13,1)="-",RIGHT(S30,5)/1))) -> 165 | AJ30: =IF(AI30<3000,"St","LT") -> St | AK30: =VLOOKUP(MID(M30,2,1),Sheet4!A:B,2,FALSE) -> Gd.13 | AL30: =TEXT(D30,"mmmm") -> September | AM30: =Q30 -> 5.1 | AN30: =O30 -> 100
A31: 1105 | B31: 500000438248 | C31: REP-501 | D31: 46266 | H31: 25,40 | I31: 0.5 | J31: 165,00mm | K31: REP-501 | L31: 261 | M31: 5M08 | N31: 5251263S0C | O31: 0 | P31: 922 | Q31: 0 | R31: 47.022 | S31: X1B12BAA0050+01650 | T31: 0 | V31: 46266 | W31: Handheld | X31: GUDANG13C | Y31: 4912228429 | Z31: 202609 | AA31: 0.5394213 | AB31: 1105421201 | AC31: 0 | AD31: 4002144394 | AE31: 46266 | AF31: SQ86126 | AI31: =IF(MID(S31,14,1)="A",RIGHT(S31,4)/1,IF(MID(S31,13,1)="+",RIGHT(S31,5)/10,IF(MID(S31,13,1)="-",RIGHT(S31,5)/1))) -> 165 | AJ31: =IF(AI31<3000,"St","LT") -> St | AK31: =VLOOKUP(MID(M31,2,1),Sheet4!A:B,2,FALSE) -> Gd.13 | AL31: =TEXT(D31,"mmmm") -> September | AM31: =Q31 -> 0 | AN31: =O31 -> 0
A32: 1105 | B32: 500000438276 | C32: REP-501 | D32: 46266 | E32: PT. CHANDRA NUGERAHCIPTA | H32: 15,90 | I32: 1.4 | J32: 100,00mm | K32: REP-501 | L32: 262 | M32: 5E08 | N32: 5241664D0C | O32: 0 | P32: -441 | Q32: 0 | R32: -22.05 | S32: X1B10AKA0140+01000 | T32: 0 | V32: 46266 | W32: Handheld | X32: GUDANG05B | Y32: 4912229529 | Z32: 202609 | AA32: 0.62121528 | AB32: 1105421201 | AC32: 0 | AD32: 3001455974 | AE32: 46266 | AF32: 24110001 | AG32: PT. CHANDRA NUG | AI32: =IF(MID(S32,14,1)="A",RIGHT(S32,4)/1,IF(MID(S32,13,1)="+",RIGHT(S32,5)/10,IF(MID(S32,13,1)="-",RIGHT(S32,5)/1))) -> 100 | AJ32: =IF(AI32<3000,"St","LT") -> St | AK32: =VLOOKUP(MID(M32,2,1),Sheet4!A:B,2,FALSE) -> Gd.05 | AL32: =TEXT(D32,"mmmm") -> September | AM32: =Q32 -> 0 | AN32: =O32 -> 0
A33: 1105 | B33: 500000438276 | C33: REP-501 | D33: 46266 | E33: PT. CHANDRA NUGERAHCIPTA | H33: 15,90 | I33: 1.4 | J33: 100,00mm | K33: REP-501 | L33: 101 | M33: 5E08 | N33: 5241664D0A | O33: 1540 | P33: 0 | Q33: 77 | R33: 0 | S33: X1B10AKA0140+01000 | T33: 0 | V33: 46266 | W33: Handheld | X33: GUDANG05B | Y33: 5002102271 | Z33: 202609 | AA33: 0.6208912 | AB33: 1105421201 | AC33: 0 | AD33: 3001456064 | AE33: 46266 | AF33: 24110001 | AG33: PT. CHANDRA NUG | AI33: =IF(MID(S33,14,1)="A",RIGHT(S33,4)/1,IF(MID(S33,13,1)="+",RIGHT(S33,5)/10,IF(MID(S33,13,1)="-",RIGHT(S33,5)/1))) -> 100 | AJ33: =IF(AI33<3000,"St","LT") -> St | AK33: =VLOOKUP(MID(M33,2,1),Sheet4!A:B,2,FALSE) -> Gd.05 | AL33: =TEXT(D33,"mmmm") -> September | AM33: =Q33 -> 77 | AN33: =O33 -> 1540
A34: 1105 | B34: 500000438276 | C34: REP-501 | D34: 46266 | E34: PT. CHANDRA NUGERAHCIPTA | H34: 15,90 | I34: 1.4 | J34: 100,00mm | K34: REP-501 | L34: 261 | M34: 5E08 | N34: 5241664D0C | O34: 0 | P34: 981 | Q34: 0 | R34: 49.05 | S34: X1B10AKA0140+01000 | T34: 0 | V34: 46266 | W34: Handheld | X34: GUDANG05B | Y34: 4912229501 | Z34: 202609 | AA34: 0.61986111 | AB34: 1105421201 | AC34: 0 | AD34: 3001455974 | AE34: 46266 | AF34: 24110001 | AG34: PT. CHANDRA NUG | AI34: =IF(MID(S34,14,1)="A",RIGHT(S34,4)/1,IF(MID(S34,13,1)="+",RIGHT(S34,5)/10,IF(MID(S34,13,1)="-",RIGHT(S34,5)/1))) -> 100 | AJ34: =IF(AI34<3000,"St","LT") -> St | AK34: =VLOOKUP(MID(M34,2,1),Sheet4!A:B,2,FALSE) -> Gd.05 | AL34: =TEXT(D34,"mmmm") -> September | AM34: =Q34 -> 0 | AN34: =O34 -> 0
A35: 1105 | B35: 500000438276 | C35: REP-501 | D35: 46266 | E35: PT. CHANDRA NUGERAHCIPTA | H35: 15,90 | I35: 1.4 | J35: 100,00mm | K35: REP-501 | L35: 261 | M35: 5E08 | N35: 5241664D0C | O35: 0 | P35: 1000 | Q35: 0 | R35: 50 | S35: X1B10AKA0140+01000 | T35: 0 | V35: 46266 | W35: Handheld | X35: GUDANG05B | Y35: 4912229489 | Z35: 202609 | AA35: 0.61960648 | AB35: 1105421201 | AC35: 0 | AD35: 3001455975 | AE35: 46266 | AF35: 24110001 | AG35: PT. CHANDRA NUG | AI35: =IF(MID(S35,14,1)="A",RIGHT(S35,4)/1,IF(MID(S35,13,1)="+",RIGHT(S35,5)/10,IF(MID(S35,13,1)="-",RIGHT(S35,5)/1))) -> 100 | AJ35: =IF(AI35<3000,"St","LT") -> St | AK35: =VLOOKUP(MID(M35,2,1),Sheet4!A:B,2,FALSE) -> Gd.05 | AL35: =TEXT(D35,"mmmm") -> September | AM35: =Q35 -> 0 | AN35: =O35 -> 0
A36: 1105 | B36: 500000438279 | C36: REP-501 | D36: 46266 | H36: 31,80 | I36: 5.3 | J36: 292,00mm | K36: REP-501 | L36: 261 | M36: 5M08 | N36: 5262730X0C | O36: 0 | P36: 205 | Q36: 0 | R36: 207.255 | S36: XCB29BEA0530+02920 | T36: 0 | U36: MP02SUGENG | V36: 46266 | W36: Handheld | X36: GUDANG13C | Y36: 4912229404 | Z36: 202609 | AA36: 0.61534722 | AB36: 1105421201 | AC36: 0 | AD36: 4002135015 | AE36: 46266 | AF36: 36262493 | AI36: =IF(MID(S36,14,1)="A",RIGHT(S36,4)/1,IF(MID(S36,13,1)="+",RIGHT(S36,5)/10,IF(MID(S36,13,1)="-",RIGHT(S36,5)/1))) -> 292 | AJ36: =IF(AI36<3000,"St","LT") -> St | AK36: =VLOOKUP(MID(M36,2,1),Sheet4!A:B,2,FALSE) -> Gd.13 | AL36: =TEXT(D36,"mmmm") -> September | AM36: =Q36 -> 0 | AN36: =O36 -> 0
A37: 1105 | B37: 500000438279 | C37: REP-501 | D37: 46266 | E37: PT. MENARA TERUS MAKMUR | H37: 31,80 | I37: 5.3 | J37: 292,00mm | K37: REP-501 | L37: 101 | M37: 5M08 | N37: 5262730X0A | O37: 51 | P37: 0 | Q37: 51.561 | R37: 0 | S37: XCB29BEA0530+02920 | T37: 0 | U37: MP02SUGENG | V37: 46266 | W37: Handheld | X37: GUDANG13C | Y37: 5002102253 | Z37: 202609 | AA37: 0.61548611 | AB37: 1105421201 | AC37: 0 | AD37: 4002146554 | AE37: 46266 | AF37: 36262493 | AI37: =IF(MID(S37,14,1)="A",RIGHT(S37,4)/1,IF(MID(S37,13,1)="+",RIGHT(S37,5)/10,IF(MID(S37,13,1)="-",RIGHT(S37,5)/1))) -> 292 | AJ37: =IF(AI37<3000,"St","LT") -> St | AK37: =VLOOKUP(MID(M37,2,1),Sheet4!A:B,2,FALSE) -> Gd.13 | AL37: =TEXT(D37,"mmmm") -> September | AM37: =Q37 -> 51.561 | AN37: =O37 -> 51
A38: 1105 | B38: 500000438279 | C38: REP-501 | D38: 46266 | H38: 31,80 | I38: 5.3 | J38: 292,00mm | K38: REP-501 | L38: 262 | M38: 5M08 | N38: 5262730X0C | O38: 0 | P38: -154 | Q38: 0 | R38: -155.694 | S38: XCB29BEA0530+02920 | T38: 0 | U38: WHKARU_SUHAR | V38: 46266 | W38: Handheld | X38: GUDANG13C | Y38: 4912229407 | Z38: 202609 | AA38: 0.61570602 | AB38: 1105421201 | AC38: 0 | AD38: 4002135015 | AE38: 46266 | AF38: 36262493 | AI38: =IF(MID(S38,14,1)="A",RIGHT(S38,4)/1,IF(MID(S38,13,1)="+",RIGHT(S38,5)/10,IF(MID(S38,13,1)="-",RIGHT(S38,5)/1))) -> 292 | AJ38: =IF(AI38<3000,"St","LT") -> St | AK38: =VLOOKUP(MID(M38,2,1),Sheet4!A:B,2,FALSE) -> Gd.13 | AL38: =TEXT(D38,"mmmm") -> September | AM38: =Q38 -> 0 | AN38: =O38 -> 0
A39: 1105 | B39: 500000438280 | C39: REP-501 | D39: 46266 | E39: PT. DHARMA POLIMETAL TBK. | H39: 22,20 | I39: 1.2 | J39: 162,00mm | K39: REP-501 | L39: 262 | M39: 5M08 | N39: 5250678HLC | O39: 0 | P39: -1277 | Q39: 0 | R39: -128.977 | S39: XCB10AOA0120+01620 | T39: 0 | U39: WHKARU_SUHAR | V39: 46266 | W39: Handheld | X39: GUDANG13C | Y39: 4912229177 | Z39: 202609 | AA39: 0.59350694 | AB39: 1105421201 | AC39: 0 | AD39: 3001453739 | AE39: 46266 | AF39: SP04878 | AG39: PT. DHARMA POLI | AI39: =IF(MID(S39,14,1)="A",RIGHT(S39,4)/1,IF(MID(S39,13,1)="+",RIGHT(S39,5)/10,IF(MID(S39,13,1)="-",RIGHT(S39,5)/1))) -> 162 | AJ39: =IF(AI39<3000,"St","LT") -> St | AK39: =VLOOKUP(MID(M39,2,1),Sheet4!A:B,2,FALSE) -> Gd.13 | AL39: =TEXT(D39,"mmmm") -> September | AM39: =Q39 -> 0 | AN39: =O39 -> 0
A40: 1105 | B40: 500000438280 | C40: REP-501 | D40: 46266 | E40: PT. DHARMA POLIMETAL TBK. | H40: 22,20 | I40: 1.2 | J40: 162,00mm | K40: REP-501 | L40: 261 | M40: 5M08 | N40: 5250678HLC | O40: 0 | P40: 537 | Q40: 0 | R40: 54.237 | S40: XCB10AOA0120+01620 | T40: 0 | U40: OBORGUDANG13 | V40: 46266 | W40: Handheld | X40: GUDANG13C | Y40: 4912232062 | Z40: 202609 | AA40: 0.92318287 | AB40: 1105421201 | AC40: 0 | AD40: 3001453719 | AE40: 46266 | AF40: SP04878 | AG40: PT. DHARMA POLI | AI40: =IF(MID(S40,14,1)="A",RIGHT(S40,4)/1,IF(MID(S40,13,1)="+",RIGHT(S40,5)/10,IF(MID(S40,13,1)="-",RIGHT(S40,5)/1))) -> 162 | AJ40: =IF(AI40<3000,"St","LT") -> St | AK40: =VLOOKUP(MID(M40,2,1),Sheet4!A:B,2,FALSE) -> Gd.13 | AL40: =TEXT(D40,"mmmm") -> September | AM40: =Q40 -> 0 | AN40: =O40 -> 0
A41: 1105 | B41: 500000438280 | C41: REP-501 | D41: 46266 | E41: PT. DHARMA POLIMETAL TBK. | H41: 22,20 | I41: 1.2 | J41: 162,00mm | K41: REP-501 | L41: 261 | M41: 5M08 | N41: 5250678HLC | O41: 0 | P41: 546 | Q41: 0 | R41: 55.146 | S41: XCB10AOA0120+01620 | T41: 0 | U41: OBORGUDANG13 | V41: 46266 | W41: Handheld | X41: GUDANG13C | Y41: 4912232063 | Z41: 202609 | AA41: 0.92440972 | AB41: 1105421201 | AC41: 0 | AD41: 3001453760 | AE41: 46266 | AF41: SP04878 | AG41: PT. DHARMA POLI | AI41: =IF(MID(S41,14,1)="A",RIGHT(S41,4)/1,IF(MID(S41,13,1)="+",RIGHT(S41,5)/10,IF(MID(S41,13,1)="-",RIGHT(S41,5)/1))) -> 162 | AJ41: =IF(AI41<3000,"St","LT") -> St | AK41: =VLOOKUP(MID(M41,2,1),Sheet4!A:B,2,FALSE) -> Gd.13 | AL41: =TEXT(D41,"mmmm") -> September | AM41: =Q41 -> 0 | AN41: =O41 -> 0
A42: 1105 | B42: 500000438280 | C42: REP-501 | D42: 46266 | E42: PT. DHARMA POLIMETAL TBK. | H42: 22,20 | I42: 1.2 | J42: 162,00mm | K42: REP-501 | L42: 101 | M42: 5M08 | N42: 5250678HLA | O42: 619 | P42: 0 | Q42: 62.519 | R42: 0 | S42: XCB10AOA0120+01620 | T42: 0 | U42: MP02SUGENG | V42: 46266 | W42: Handheld | X42: GUDANG13C | Y42: 5002102889 | Z42: 202609 | AA42: 0.92533565 | AB42: 1105421201 | AC42: 0 | AD42: 3001456956 | AE42: 46266 | AI42: =IF(MID(S42,14,1)="A",RIGHT(S42,4)/1,IF(MID(S42,13,1)="+",RIGHT(S42,5)/10,IF(MID(S42,13,1)="-",RIGHT(S42,5)/1))) -> 162 | AJ42: =IF(AI42<3000,"St","LT") -> St | AK42: =VLOOKUP(MID(M42,2,1),Sheet4!A:B,2,FALSE) -> Gd.13 | AL42: =TEXT(D42,"mmmm") -> September | AM42: =Q42 -> 62.519 | AN42: =O42 -> 619
A43: 1105 | B43: 500000438280 | C43: REP-501 | D43: 46266 | E43: PT. DHARMA POLIMETAL TBK. | H43: 22,20 | I43: 1.2 | J43: 162,00mm | K43: REP-501 | L43: 262 | M43: 5M08 | N43: 5250678HLC | O43: 0 | P43: -463 | Q43: 0 | R43: -46.763 | S43: XCB10AOA0120+01620 | T43: 0 | U43: WHKARU_SUHAR | V43: 46266 | W43: Handheld | X43: GUDANG13C | Y43: 4912232065 | Z43: 202609 | AA43: 0.92627315 | AB43: 1105421201 | AC43: 0 | AD43: 3001453719 | AE43: 46266 | AF43: SP04878 | AG43: PT. DHARMA POLI | AI43: =IF(MID(S43,14,1)="A",RIGHT(S43,4)/1,IF(MID(S43,13,1)="+",RIGHT(S43,5)/10,IF(MID(S43,13,1)="-",RIGHT(S43,5)/1))) -> 162 | AJ43: =IF(AI43<3000,"St","LT") -> St | AK43: =VLOOKUP(MID(M43,2,1),Sheet4!A:B,2,FALSE) -> Gd.13 | AL43: =TEXT(D43,"mmmm") -> September | AM43: =Q43 -> 0 | AN43: =O43 -> 0
A44: 1105 | B44: 500000438280 | C44: REP-501 | D44: 46266 | E44: PT. DHARMA POLIMETAL TBK. | H44: 22,20 | I44: 1.2 | J44: 162,00mm | K44: REP-501 | L44: 101 | M44: 5M08 | N44: 5250678HLA | O44: 278 | P44: 0 | Q44: 28.078 | R44: 0 | S44: XCB10AOA0120+01620 | T44: 0 | U44: MP02SUGENG | V44: 46266 | W44: Handheld | X44: GUDANG13C | Y44: 5002102192 | Z44: 202609 | AA44: 0.59305556 | AB44: 1105421201 | AC44: 0 | AD44: 3001456050 | AE44: 46266 | AI44: =IF(MID(S44,14,1)="A",RIGHT(S44,4)/1,IF(MID(S44,13,1)="+",RIGHT(S44,5)/10,IF(MID(S44,13,1)="-",RIGHT(S44,5)/1))) -> 162 | AJ44: =IF(AI44<3000,"St","LT") -> St | AK44: =VLOOKUP(MID(M44,2,1),Sheet4!A:B,2,FALSE) -> Gd.13 | AL44: =TEXT(D44,"mmmm") -> September | AM44: =Q44 -> 28.078 | AN44: =O44 -> 278
A45: 1105 | B45: 500000438280 | C45: REP-501 | D45: 46266 | E45: PT. DHARMA POLIMETAL TBK. | H45: 22,20 | I45: 1.2 | J45: 162,00mm | K45: REP-501 | L45: 101 | M45: 5M08 | N45: 5250678HLA | O45: 2600 | P45: 0 | Q45: 262.6 | R45: 0 | S45: XCB10AOA0120+01620 | T45: 0 | U45: MP02SUGENG | V45: 46266 | W45: Handheld | X45: GUDANG13C | Y45: 5002102190 | Z45: 202609 | AA45: 0.59292824 | AB45: 1105421201 | AC45: 0 | AD45: 3001456052 | AE45: 46266 | AI45: =IF(MID(S45,14,1)="A",RIGHT(S45,4)/1,IF(MID(S45,13,1)="+",RIGHT(S45,5)/10,IF(MID(S45,13,1)="-",RIGHT(S45,5)/1))) -> 162 | AJ45: =IF(AI45<3000,"St","LT") -> St | AK45: =VLOOKUP(MID(M45,2,1),Sheet4!A:B,2,FALSE) -> Gd.13 | AL45: =TEXT(D45,"mmmm") -> September | AM45: =Q45 -> 262.6 | AN45: =O45 -> 2600
A46: 1105 | B46: 500000438280 | C46: REP-501 | D46: 46266 | E46: PT. DHARMA POLIMETAL TBK. | H46: 22,20 | I46: 1.2 | J46: 162,00mm | K46: REP-501 | L46: 101 | M46: 5M08 | N46: 5250678HLA | O46: 322 | P46: 0 | Q46: 32.522 | R46: 0 | S46: XCB10AOA0120+01620 | T46: 0 | U46: MP02SUGENG | V46: 46266 | W46: Handheld | X46: GUDANG13C | Y46: 5002102187 | Z46: 202609 | AA46: 0.59274306 | AB46: 1105421201 | AC46: 0 | AD46: 3001456051 | AE46: 46266 | AI46: =IF(MID(S46,14,1)="A",RIGHT(S46,4)/1,IF(MID(S46,13,1)="+",RIGHT(S46,5)/10,IF(MID(S46,13,1)="-",RIGHT(S46,5)/1))) -> 162 | AJ46: =IF(AI46<3000,"St","LT") -> St | AK46: =VLOOKUP(MID(M46,2,1),Sheet4!A:B,2,FALSE) -> Gd.13 | AL46: =TEXT(D46,"mmmm") -> September | AM46: =Q46 -> 32.522 | AN46: =O46 -> 322
A47: 1105 | B47: 500000438280 | C47: REP-501 | D47: 46266 | E47: PT. DHARMA POLIMETAL TBK. | H47: 22,20 | I47: 1.2 | J47: 162,00mm | K47: REP-501 | L47: 261 | M47: 5M08 | N47: 5250678HLC | O47: 0 | P47: 591 | Q47: 0 | R47: 59.691 | S47: XCB10AOA0120+01620 | T47: 0 | U47: OBORGUDANG13 | V47: 46266 | W47: Handheld | X47: GUDANG13C | Y47: 4912229151 | Z47: 202609 | AA47: 0.59232639 | AB47: 1105421201 | AC47: 0 | AD47: 3001453739 | AE47: 46266 | AF47: SP04878 | AG47: PT. DHARMA POLI | AI47: =IF(MID(S47,14,1)="A",RIGHT(S47,4)/1,IF(MID(S47,13,1)="+",RIGHT(S47,5)/10,IF(MID(S47,13,1)="-",RIGHT(S47,5)/1))) -> 162 | AJ47: =IF(AI47<3000,"St","LT") -> St | AK47: =VLOOKUP(MID(M47,2,1),Sheet4!A:B,2,FALSE) -> Gd.13 | AL47: =TEXT(D47,"mmmm") -> September | AM47: =Q47 -> 0 | AN47: =O47 -> 0
A48: 1105 | B48: 500000438280 | C48: REP-501 | D48: 46266 | E48: PT. DHARMA POLIMETAL TBK. | H48: 22,20 | I48: 1.2 | J48: 162,00mm | K48: REP-501 | L48: 261 | M48: 5M08 | N48: 5250678HLC | O48: 0 | P48: 3886 | Q48: 0 | R48: 392.486 | S48: XCB10AOA0120+01620 | T48: 0 | U48: OBORGUDANG13 | V48: 46266 | W48: Handheld | X48: GUDANG13C | Y48: 4912229149 | Z48: 202609 | AA48: 0.59219907 | AB48: 1105421201 | AC48: 0 | AD48: 3001453718 | AE48: 46266 | AF48: SP04878 | AG48: PT. DHARMA POLI | AI48: =IF(MID(S48,14,1)="A",RIGHT(S48,4)/1,IF(MID(S48,13,1)="+",RIGHT(S48,5)/10,IF(MID(S48,13,1)="-",RIGHT(S48,5)/1))) -> 162 | AJ48: =IF(AI48<3000,"St","LT") -> St | AK48: =VLOOKUP(MID(M48,2,1),Sheet4!A:B,2,FALSE) -> Gd.13 | AL48: =TEXT(D48,"mmmm") -> September | AM48: =Q48 -> 0 | AN48: =O48 -> 0
A49: 1105 | B49: 500000438281 | C49: REP-501 | D49: 46266 | E49: PT. SETIA GUNA SEJATI | H49: 60,50 | I49: 1.9 | J49: 496,30mm | K49: REP-501 | L49: 261 | M49: 5A01 | N49: 5261697L0C | O49: 0 | P49: 181 | Q49: 0 | R49: 246.703 | S49: XAB26CGC0190+04963 | T49: 0 | U49: OBOR | V49: 46266 | W49: Handheld | X49: GUDANG01B | Y49: 4912229467 | Z49: 202609 | AA49: 0.61763889 | AB49: 1105421201 | AC49: 0 | AD49: 3001451226 | AE49: 46266 | AF49: 16274269 | AI49: =IF(MID(S49,14,1)="A",RIGHT(S49,4)/1,IF(MID(S49,13,1)="+",RIGHT(S49,5)/10,IF(MID(S49,13,1)="-",RIGHT(S49,5)/1))) -> 496.3 | AJ49: =IF(AI49<3000,"St","LT") -> St | AK49: =VLOOKUP(MID(M49,2,1),Sheet4!A:B,2,FALSE) -> Gd.01 | AL49: =TEXT(D49,"mmmm") -> September | AM49: =Q49 -> 0 | AN49: =O49 -> 0
A50: 1105 | B50: 500000438281 | C50: REP-501 | D50: 46266 | E50: PT. SETIA GUNA SEJATI | H50: 60,50 | I50: 1.9 | J50: 496,30mm | K50: REP-501 | L50: 101 | M50: 5A01 | N50: 5261697L0A | O50: 34 | P50: 0 | Q50: 46.342 | R50: 0 | S50: XAB26CGC0190+04963 | T50: 0 | U50: OBOR | V50: 46266 | W50: Handheld | X50: GUDANG01B | Y50: 5002102259 | Z50: 202609 | AA50: 0.6199537 | AB50: 1105421201 | AC50: 0 | AD50: 3001456565 | AE50: 46266 | AI50: =IF(MID(S50,14,1)="A",RIGHT(S50,4)/1,IF(MID(S50,13,1)="+",RIGHT(S50,5)/10,IF(MID(S50,13,1)="-",RIGHT(S50,5)/1))) -> 496.3 | AJ50: =IF(AI50<3000,"St","LT") -> St | AK50: =VLOOKUP(MID(M50,2,1),Sheet4!A:B,2,FALSE) -> Gd.01 | AL50: =TEXT(D50,"mmmm") -> September | AM50: =Q50 -> 46.342 | AN50: =O50 -> 34
A51: 1105 | B51: 500000438281 | C51: REP-501 | D51: 46266 | E51: PT. SETIA GUNA SEJATI | H51: 60,50 | I51: 1.9 | J51: 496,30mm | K51: REP-501 | L51: 101 | M51: 5A01 | N51: 5261697L0A | O51: 53 | P51: 0 | Q51: 72.239 | R51: 0 | S51: XAB26CGC0190+04963 | T51: 0 | U51: OBOR | V51: 46266 | W51: Handheld | X51: GUDANG01B | Y51: 5002102275 | Z51: 202609 | AA51: 0.62230324 | AB51: 1105421201 | AC51: 0 | AD51: 3001455976 | AE51: 46266 | AI51: =IF(MID(S51,14,1)="A",RIGHT(S51,4)/1,IF(MID(S51,13,1)="+",RIGHT(S51,5)/10,IF(MID(S51,13,1)="-",RIGHT(S51,5)/1))) -> 496.3 | AJ51: =IF(AI51<3000,"St","LT") -> St | AK51: =VLOOKUP(MID(M51,2,1),Sheet4!A:B,2,FALSE) -> Gd.01 | AL51: =TEXT(D51,"mmmm") -> September | AM51: =Q51 -> 72.239 | AN51: =O51 -> 53
A52: 1105 | B52: 500000438281 | C52: REP-501 | D52: 46266 | E52: PT. SETIA GUNA SEJATI | H52: 60,50 | I52: 1.9 | J52: 496,30mm | K52: REP-501 | L52: 262 | M52: 5A01 | N52: 5261697L0C | O52: 0 | P52: -93 | Q52: 0 | R52: -126.759 | S52: XAB26CGC0190+04963 | T52: 0 | U52: OBOR | V52: 46266 | W52: Handheld | X52: GUDANG01B | Y52: 4912229584 | Z52: 202609 | AA52: 0.62469907 | AB52: 1105421201 | AC52: 0 | AD52: 3001451226 | AE52: 46266 | AF52: 16274269 | AI52: =IF(MID(S52,14,1)="A",RIGHT(S52,4)/1,IF(MID(S52,13,1)="+",RIGHT(S52,5)/10,IF(MID(S52,13,1)="-",RIGHT(S52,5)/1))) -> 496.3 | AJ52: =IF(AI52<3000,"St","LT") -> St | AK52: =VLOOKUP(MID(M52,2,1),Sheet4!A:B,2,FALSE) -> Gd.01 | AL52: =TEXT(D52,"mmmm") -> September | AM52: =Q52 -> 0 | AN52: =O52 -> 0
A53: 1105 | B53: 500000438281 | C53: REP-501 | D53: 46266 | E53: PT. SETIA GUNA SEJATI | H53: 60,50 | I53: 1.9 | J53: 496,30mm | K53: REP-501 | L53: 101 | M53: 5A01 | N53: 5261272L0A | O53: 46 | P53: 0 | Q53: 62.698 | R53: 0 | S53: XAB26CGC0190+04963 | T53: 0 | U53: OBOR | V53: 46267 | W53: Handheld | X53: GUDANG01B | Y53: 5002103183 | Z53: 202609 | AA53: 0.27072917 | AB53: 1105421201 | AC53: 0 | AD53: 3001457275 | AE53: 46266 | AI53: =IF(MID(S53,14,1)="A",RIGHT(S53,4)/1,IF(MID(S53,13,1)="+",RIGHT(S53,5)/10,IF(MID(S53,13,1)="-",RIGHT(S53,5)/1))) -> 496.3 | AJ53: =IF(AI53<3000,"St","LT") -> St | AK53: =VLOOKUP(MID(M53,2,1),Sheet4!A:B,2,FALSE) -> Gd.01 | AL53: =TEXT(D53,"mmmm") -> September | AM53: =Q53 -> 62.698 | AN53: =O53 -> 46
A54: 1105 | B54: 500000438281 | C54: REP-501 | D54: 46266 | E54: PT. SETIA GUNA SEJATI | H54: 60,50 | I54: 1.9 | J54: 496,30mm | K54: REP-501 | L54: 262 | M54: 5A01 | N54: 5261272L0C | O54: 0 | P54: -211 | Q54: 0 | R54: -287.593 | S54: XAB26CGC0190+04963 | T54: 0 | U54: OBOR | V54: 46267 | W54: Handheld | X54: GUDANG01B | Y54: 4912233353 | Z54: 202609 | AA54: 0.2705787 | AB54: 1105421201 | AC54: 0 | AD54: 3001451356 | AE54: 46266 | AI54: =IF(MID(S54,14,1)="A",RIGHT(S54,4)/1,IF(MID(S54,13,1)="+",RIGHT(S54,5)/10,IF(MID(S54,13,1)="-",RIGHT(S54,5)/1))) -> 496.3 | AJ54: =IF(AI54<3000,"St","LT") -> St | AK54: =VLOOKUP(MID(M54,2,1),Sheet4!A:B,2,FALSE) -> Gd.01 | AL54: =TEXT(D54,"mmmm") -> September | AM54: =Q54 -> 0 | AN54: =O54 -> 0
A55: 1105 | B55: 500000438281 | C55: REP-501 | D55: 46266 | E55: PT. SETIA GUNA SEJATI | H55: 60,50 | I55: 1.9 | J55: 496,30mm | K55: REP-501 | L55: 261 | M55: 5A01 | N55: 5261272L0C | O55: 0 | P55: 257 | Q55: 0 | R55: 350.291 | S55: XAB26CGC0190+04963 | T55: 0 | U55: OBOR | V55: 46267 | W55: Handheld | X55: GUDANG01B | Y55: 4912233351 | Z55: 202609 | AA55: 0.27038194 | AB55: 1105421201 | AC55: 0 | AD55: 3001451356 | AE55: 46266 | AI55: =IF(MID(S55,14,1)="A",RIGHT(S55,4)/1,IF(MID(S55,13,1)="+",RIGHT(S55,5)/10,IF(MID(S55,13,1)="-",RIGHT(S55,5)/1))) -> 496.3 | AJ55: =IF(AI55<3000,"St","LT") -> St | AK55: =VLOOKUP(MID(M55,2,1),Sheet4!A:B,2,FALSE) -> Gd.01 | AL55: =TEXT(D55,"mmmm") -> September | AM55: =Q55 -> 0 | AN55: =O55 -> 0
A56: 1105 | B56: 500000438281 | C56: REP-501 | D56: 46266 | E56: PT. SETIA GUNA SEJATI | H56: 60,50 | I56: 1.9 | J56: 496,30mm | K56: REP-501 | L56: 262 | M56: 5A01 | N56: 5261272L0C | O56: 0 | P56: -257 | Q56: 0 | R56: -350.291 | S56: XAB26CGC0190+04963 | T56: 0 | U56: OBOR | V56: 46267 | W56: Handheld | X56: GUDANG01B | Y56: 4912232556 | Z56: 202609 | AA56: 0.060335648 | AB56: 1105421201 | AC56: 0 | AD56: 3001451356 | AE56: 46266 | AI56: =IF(MID(S56,14,1)="A",RIGHT(S56,4)/1,IF(MID(S56,13,1)="+",RIGHT(S56,5)/10,IF(MID(S56,13,1)="-",RIGHT(S56,5)/1))) -> 496.3 | AJ56: =IF(AI56<3000,"St","LT") -> St | AK56: =VLOOKUP(MID(M56,2,1),Sheet4!A:B,2,FALSE) -> Gd.01 | AL56: =TEXT(D56,"mmmm") -> September | AM56: =Q56 -> 0 | AN56: =O56 -> 0
A57: 1105 | B57: 500000438281 | C57: REP-501 | D57: 46266 | E57: PT. SETIA GUNA SEJATI | H57: 60,50 | I57: 1.9 | J57: 496,30mm | K57: REP-501 | L57: 101 | M57: 5A01 | N57: 5261697L0A | O57: 27 | P57: 0 | Q57: 36.801 | R57: 0 | S57: XAB26CGC0190+04963 | T57: 0 | U57: OBOR | V57: 46267 | W57: Handheld | X57: GUDANG01B | Y57: 5002102992 | Z57: 202609 | AA57: 0.059710648 | AB57: 1105421201 | AC57: 0 | AD57: 3001457203 | AE57: 46266 | AI57: =IF(MID(S57,14,1)="A",RIGHT(S57,4)/1,IF(MID(S57,13,1)="+",RIGHT(S57,5)/10,IF(MID(S57,13,1)="-",RIGHT(S57,5)/1))) -> 496.3 | AJ57: =IF(AI57<3000,"St","LT") -> St | AK57: =VLOOKUP(MID(M57,2,1),Sheet4!A:B,2,FALSE) -> Gd.01 | AL57: =TEXT(D57,"mmmm") -> September | AM57: =Q57 -> 36.801 | AN57: =O57 -> 27
A58: 1105 | B58: 500000438281 | C58: REP-501 | D58: 46266 | E58: PT. SETIA GUNA SEJATI | H58: 60,50 | I58: 1.9 | J58: 496,30mm | K58: REP-501 | L58: 101 | M58: 5A01 | N58: 5261272L0A | O58: 81 | P58: 0 | Q58: 110.403 | R58: 0 | S58: XAB26CGC0190+04963 | T58: 0 | U58: OBOR | V58: 46267 | W58: Handheld | X58: GUDANG01B | Y58: 5002102992 | Z58: 202609 | AA58: 0.059710648 | AB58: 1105421201 | AC58: 0 | AD58: 3001457142 | AE58: 46266 | AI58: =IF(MID(S58,14,1)="A",RIGHT(S58,4)/1,IF(MID(S58,13,1)="+",RIGHT(S58,5)/10,IF(MID(S58,13,1)="-",RIGHT(S58,5)/1))) -> 496.3 | AJ58: =IF(AI58<3000,"St","LT") -> St | AK58: =VLOOKUP(MID(M58,2,1),Sheet4!A:B,2,FALSE) -> Gd.01 | AL58: =TEXT(D58,"mmmm") -> September | AM58: =Q58 -> 110.403 | AN58: =O58 -> 81
A59: 1105 | B59: 500000438281 | C59: REP-501 | D59: 46266 | E59: PT. SETIA GUNA SEJATI | H59: 60,50 | I59: 1.9 | J59: 496,30mm | K59: REP-501 | L59: 261 | M59: 5A01 | N59: 5261272L0C | O59: 0 | P59: 341 | Q59: 0 | R59: 464.783 | S59: XAB26CGC0190+04963 | T59: 0 | U59: OBOR | V59: 46266 | W59: Handheld | X59: GUDANG01B | Y59: 4912232131 | Z59: 202609 | AA59: 0.96321759 | AB59: 1105421201 | AC59: 0 | AD59: 3001451356 | AE59: 46266 | AI59: =IF(MID(S59,14,1)="A",RIGHT(S59,4)/1,IF(MID(S59,13,1)="+",RIGHT(S59,5)/10,IF(MID(S59,13,1)="-",RIGHT(S59,5)/1))) -> 496.3 | AJ59: =IF(AI59<3000,"St","LT") -> St | AK59: =VLOOKUP(MID(M59,2,1),Sheet4!A:B,2,FALSE) -> Gd.01 | AL59: =TEXT(D59,"mmmm") -> September | AM59: =Q59 -> 0 | AN59: =O59 -> 0
A60: 1105 | B60: 500000438281 | C60: REP-501 | D60: 46266 | E60: PT. SETIA GUNA SEJATI | H60: 60,50 | I60: 1.9 | J60: 496,30mm | K60: REP-501 | L60: 261 | M60: 5A01 | N60: 5261697L0C | O60: 0 | P60: 93 | Q60: 0 | R60: 126.759 | S60: XAB26CGC0190+04963 | T60: 0 | U60: OBOR | V60: 46266 | W60: Handheld | X60: GUDANG01B | Y60: 4912232130 | Z60: 202609 | AA60: 0.96278935 | AB60: 1105421201 | AC60: 0 | AD60: 3001451226 | AE60: 46266 | AF60: 16274269 | AI60: =IF(MID(S60,14,1)="A",RIGHT(S60,4)/1,IF(MID(S60,13,1)="+",RIGHT(S60,5)/10,IF(MID(S60,13,1)="-",RIGHT(S60,5)/1))) -> 496.3 | AJ60: =IF(AI60<3000,"St","LT") -> St | AK60: =VLOOKUP(MID(M60,2,1),Sheet4!A:B,2,FALSE) -> Gd.01 | AL60: =TEXT(D60,"mmmm") -> September | AM60: =Q60 -> 0 | AN60: =O60 -> 0
A61: 1105 | B61: 500000438283 | C61: REP-501 | D61: 46266 | E61: PT. CHANDRA NUGERAHCIPTA | H61: 45,00 | I61: 1.4 | J61: 342,00mm | K61: REP-501 | L61: 261 | M61: 5E08 | N61: 5261268HCC | O61: 0 | P61: 377 | Q61: 0 | R61: 194.155 | S61: XAB10BMF0140+03420 | T61: 0 | U61: AZIS | V61: 46267 | W61: Handheld | X61: GUDANG05C | Y61: 4912233978 | Z61: 202609 | AA61: 0.35918981 | AB61: 1105421201 | AC61: 0 | AD61: 3001452158 | AE61: 46266 | AF61: 16273081 | AG61: PT. CHANDRA NUG | AI61: =IF(MID(S61,14,1)="A",RIGHT(S61,4)/1,IF(MID(S61,13,1)="+",RIGHT(S61,5)/10,IF(MID(S61,13,1)="-",RIGHT(S61,5)/1))) -> 342 | AJ61: =IF(AI61<3000,"St","LT") -> St | AK61: =VLOOKUP(MID(M61,2,1),Sheet4!A:B,2,FALSE) -> Gd.05 | AL61: =TEXT(D61,"mmmm") -> September | AM61: =Q61 -> 0 | AN61: =O61 -> 0
A62: 1105 | B62: 500000438283 | C62: REP-501 | D62: 46266 | E62: PT. CHANDRA NUGERAHCIPTA | H62: 45,00 | I62: 1.4 | J62: 342,00mm | K62: REP-501 | L62: 101 | M62: 5E08 | N62: 5261268HCA | O62: 232 | P62: 0 | Q62: 119.48 | R62: 0 | S62: XAB10BMF0140+03420 | T62: 0 | U62: AZIS | V62: 46267 | W62: Handheld | X62: GUDANG05C | Y62: 5002103335 | Z62: 202609 | AA62: 0.3597338 | AB62: 1105421201 | AC62: 0 | AD62: 3001455952 | AE62: 46266 | AF62: 16273081 | AG62: PT. CHANDRA NUG | AI62: =IF(MID(S62,14,1)="A",RIGHT(S62,4)/1,IF(MID(S62,13,1)="+",RIGHT(S62,5)/10,IF(MID(S62,13,1)="-",RIGHT(S62,5)/1))) -> 342 | AJ62: =IF(AI62<3000,"St","LT") -> St | AK62: =VLOOKUP(MID(M62,2,1),Sheet4!A:B,2,FALSE) -> Gd.05 | AL62: =TEXT(D62,"mmmm") -> September | AM62: =Q62 -> 119.48 | AN62: =O62 -> 232
A63: 1105 | B63: 500000438283 | C63: REP-501 | D63: 46266 | E63: PT. CHANDRA NUGERAHCIPTA | H63: 45,00 | I63: 1.4 | J63: 342,00mm | K63: REP-501 | L63: 262 | M63: 5E08 | N63: 5261268HCC | O63: 0 | P63: -145 | Q63: 0 | R63: -74.675 | S63: XAB10BMF0140+03420 | T63: 0 | U63: AZIS | V63: 46267 | W63: Handheld | X63: GUDANG05C | Y63: 4912233982 | Z63: 202609 | AA63: 0.36012731 | AB63: 1105421201 | AC63: 0 | AD63: 3001452158 | AE63: 46266 | AF63: 16273081 | AG63: PT. CHANDRA NUG | AI63: =IF(MID(S63,14,1)="A",RIGHT(S63,4)/1,IF(MID(S63,13,1)="+",RIGHT(S63,5)/10,IF(MID(S63,13,1)="-",RIGHT(S63,5)/1))) -> 342 | AJ63: =IF(AI63<3000,"St","LT") -> St | AK63: =VLOOKUP(MID(M63,2,1),Sheet4!A:B,2,FALSE) -> Gd.05 | AL63: =TEXT(D63,"mmmm") -> September | AM63: =Q63 -> 0 | AN63: =O63 -> 0
A64: 1105 | B64: 500000438284 | C64: REP-501 | D64: 46266 | E64: PT. METALINDO MULTIDINAMIKA MANDIRI | H64: 28,60 | I64: 1.9 | J64: 209,60mm | K64: REP-501 | L64: 261 | M64: 5E05 | N64: 5241092HEC | O64: 0 | P64: 2249 | Q64: 0 | R64: 589.238 | S64: X1B10BCA0190+02096 | T64: 0 | U64: UDIN | V64: 46266 | W64: Handheld | X64: GUDANG05C | Y64: 4912226760 | Z64: 202609 | AA64: 0.37679398 | AB64: 1105421201 | AC64: 0 | AD64: 3001452232 | AE64: 46266 | AF64: 24102750 | AG64: PT. METALINDO M | AI64: =IF(MID(S64,14,1)="A",RIGHT(S64,4)/1,IF(MID(S64,13,1)="+",RIGHT(S64,5)/10,IF(MID(S64,13,1)="-",RIGHT(S64,5)/1))) -> 209.6 | AJ64: =IF(AI64<3000,"St","LT") -> St | AK64: =VLOOKUP(MID(M64,2,1),Sheet4!A:B,2,FALSE) -> Gd.05 | AL64: =TEXT(D64,"mmmm") -> September | AM64: =Q64 -> 0 | AN64: =O64 -> 0
A65: 1105 | B65: 500000438284 | C65: REP-501 | D65: 46266 | E65: PT. METALINDO MULTIDINAMIKA MANDIRI | H65: 28,60 | I65: 1.9 | J65: 209,60mm | K65: REP-501 | L65: 262 | M65: 5E05 | N65: 5241092HEC | O65: 0 | P65: -2249 | Q65: 0 | R65: -589.238 | S65: X1B10BCA0190+02096 | T65: 0 | U65: UDIN | V65: 46266 | W65: Handheld | X65: GUDANG05C | Y65: 4912226764 | Z65: 202609 | AA65: 0.37758102 | AB65: 1105421201 | AC65: 0 | AD65: 3001452232 | AE65: 46266 | AF65: 24102750 | AG65: PT. METALINDO M | AI65: =IF(MID(S65,14,1)="A",RIGHT(S65,4)/1,IF(MID(S65,13,1)="+",RIGHT(S65,5)/10,IF(MID(S65,13,1)="-",RIGHT(S65,5)/1))) -> 209.6 | AJ65: =IF(AI65<3000,"St","LT") -> St | AK65: =VLOOKUP(MID(M65,2,1),Sheet4!A:B,2,FALSE) -> Gd.05 | AL65: =TEXT(D65,"mmmm") -> September | AM65: =Q65 -> 0 | AN65: =O65 -> 0
A66: 1105 | B66: 500000438284 | C66: REP-501 | D66: 46266 | E66: PT. METALINDO MULTIDINAMIKA MANDIRI | H66: 28,60 | I66: 1.9 | J66: 209,60mm | K66: REP-501 | L66: 261 | M66: 5E05 | N66: 5241092HEC | O66: 0 | P66: 569 | Q66: 0 | R66: 149.078 | S66: X1B10BCA0190+02096 | T66: 0 | U66: UDIN | V66: 46266 | W66: Handheld | X66: GUDANG05C | Y66: 4912227854 | Z66: 202609 | AA66: 0.47200231 | AB66: 1105421201 | AC66: 0 | AD66: 3001452232 | AE66: 46266 | AF66: 24102750 | AG66: PT. METALINDO M | AI66: =IF(MID(S66,14,1)="A",RIGHT(S66,4)/1,IF(MID(S66,13,1)="+",RIGHT(S66,5)/10,IF(MID(S66,13,1)="-",RIGHT(S66,5)/1))) -> 209.6 | AJ66: =IF(AI66<3000,"St","LT") -> St | AK66: =VLOOKUP(MID(M66,2,1),Sheet4!A:B,2,FALSE) -> Gd.05 | AL66: =TEXT(D66,"mmmm") -> September | AM66: =Q66 -> 0 | AN66: =O66 -> 0
A67: 1105 | B67: 500000438284 | C67: REP-501 | D67: 46266 | E67: PT. METALINDO MULTIDINAMIKA MANDIRI | H67: 28,60 | I67: 1.9 | J67: 209,60mm | K67: REP-501 | L67: 262 | M67: 5E05 | N67: 5241092HEC | O67: 0 | P67: -569 | Q67: 0 | R67: -149.078 | S67: X1B10BCA0190+02096 | T67: 0 | U67: UDIN | V67: 46266 | W67: Handheld | X67: GUDANG05C | Y67: 4912227850 | Z67: 202609 | AA67: 0.47137731 | AB67: 1105421201 | AC67: 0 | AD67: 3001452232 | AE67: 46266 | AF67: 24102750 | AG67: PT. METALINDO M | AI67: =IF(MID(S67,14,1)="A",RIGHT(S67,4)/1,IF(MID(S67,13,1)="+",RIGHT(S67,5)/10,IF(MID(S67,13,1)="-",RIGHT(S67,5)/1))) -> 209.6 | AJ67: =IF(AI67<3000,"St","LT") -> St | AK67: =VLOOKUP(MID(M67,2,1),Sheet4!A:B,2,FALSE) -> Gd.05 | AL67: =TEXT(D67,"mmmm") -> September | AM67: =Q67 -> 0 | AN67: =O67 -> 0
A68: 1105 | B68: 500000438285 | C68: REP-501 | D68: 46266 | E68: PT. YAMAHA INDONESIA MOTOR MFG | H68: 45,00 | I68: 2.25 | J68: 1.255,00mm | K68: REP-501 | L68: 101 | M68: 5E08 | N68: 5262258HCA | O68: 63 | P68: 0 | Q68: 187.551 | R68: 0 | S68: YGB10BMF0225+12550 | T68: 0 | U68: REP-OBOR | V68: 46266 | W68: Handheld | X68: GUDANG05D | Y68: 5002102474 | Z68: 202609 | AA68: 0.70130787 | AB68: 1105421201 | AC68: 0 | AD68: 3001456028 | AE68: 46266 | AF68: - | AI68: =IF(MID(S68,14,1)="A",RIGHT(S68,4)/1,IF(MID(S68,13,1)="+",RIGHT(S68,5)/10,IF(MID(S68,13,1)="-",RIGHT(S68,5)/1))) -> 1255 | AJ68: =IF(AI68<3000,"St","LT") -> St | AK68: =VLOOKUP(MID(M68,2,1),Sheet4!A:B,2,FALSE) -> Gd.05 | AL68: =TEXT(D68,"mmmm") -> September | AM68: =Q68 -> 187.551 | AN68: =O68 -> 63
A69: 1105 | B69: 500000438285 | C69: REP-501 | D69: 46266 | E69: PT. YAMAHA INDONESIA MOTOR MFG | H69: 45,00 | I69: 2.25 | J69: 1.255,00mm | K69: REP-501 | L69: 261 | M69: 5E08 | N69: 5262259HCC | O69: 0 | P69: 171 | Q69: 0 | R69: 509.067 | S69: YGB10BMF0225+12550 | T69: 0 | U69: REP-OBOR | V69: 46266 | W69: Handheld | X69: GUDANG05B | Y69: 4912229330 | Z69: 202609 | AA69: 0.60769676 | AB69: 1105421201 | AC69: 0 | AD69: 3001453237 | AE69: 46266 | AF69: - | AI69: =IF(MID(S69,14,1)="A",RIGHT(S69,4)/1,IF(MID(S69,13,1)="+",RIGHT(S69,5)/10,IF(MID(S69,13,1)="-",RIGHT(S69,5)/1))) -> 1255 | AJ69: =IF(AI69<3000,"St","LT") -> St | AK69: =VLOOKUP(MID(M69,2,1),Sheet4!A:B,2,FALSE) -> Gd.05 | AL69: =TEXT(D69,"mmmm") -> September | AM69: =Q69 -> 0 | AN69: =O69 -> 0
A70: 1105 | B70: 500000438285 | C70: REP-501 | D70: 46266 | E70: PT. YAMAHA INDONESIA MOTOR MFG | H70: 45,00 | I70: 2.25 | J70: 1.255,00mm | K70: REP-501 | L70: 101 | M70: 5E08 | N70: 5262259HCA | O70: 80 | P70: 0 | Q70: 238.16 | R70: 0 | S70: YGB10BMF0225+12550 | T70: 0 | U70: REP-OBOR | V70: 46266 | W70: Handheld | X70: GUDANG05B | Y70: 5002102241 | Z70: 202609 | AA70: 0.60876157 | AB70: 1105421201 | AC70: 0 | AD70: 3001455937 | AE70: 46266 | AF70: - | AI70: =IF(MID(S70,14,1)="A",RIGHT(S70,4)/1,IF(MID(S70,13,1)="+",RIGHT(S70,5)/10,IF(MID(S70,13,1)="-",RIGHT(S70,5)/1))) -> 1255 | AJ70: =IF(AI70<3000,"St","LT") -> St | AK70: =VLOOKUP(MID(M70,2,1),Sheet4!A:B,2,FALSE) -> Gd.05 | AL70: =TEXT(D70,"mmmm") -> September | AM70: =Q70 -> 238.16 | AN70: =O70 -> 80
A71: 1105 | B71: 500000438285 | C71: REP-501 | D71: 46266 | E71: PT. YAMAHA INDONESIA MOTOR MFG | H71: 45,00 | I71: 2.25 | J71: 1.255,00mm | K71: REP-501 | L71: 262 | M71: 5E08 | N71: 5262259HCC | O71: 0 | P71: -73 | Q71: 0 | R71: -217.321 | S71: YGB10BMF0225+12550 | T71: 0 | U71: REP-OBOR | V71: 46266 | W71: Handheld | X71: GUDANG05B | Y71: 4912229403 | Z71: 202609 | AA71: 0.61515046 | AB71: 1105421201 | AC71: 0 | AD71: 3001453237 | AE71: 46266 | AF71: - | AI71: =IF(MID(S71,14,1)="A",RIGHT(S71,4)/1,IF(MID(S71,13,1)="+",RIGHT(S71,5)/10,IF(MID(S71,13,1)="-",RIGHT(S71,5)/1))) -> 1255 | AJ71: =IF(AI71<3000,"St","LT") -> St | AK71: =VLOOKUP(MID(M71,2,1),Sheet4!A:B,2,FALSE) -> Gd.05 | AL71: =TEXT(D71,"mmmm") -> September | AM71: =Q71 -> 0 | AN71: =O71 -> 0
A72: 1105 | B72: 500000438285 | C72: REP-501 | D72: 46266 | E72: PT. YAMAHA INDONESIA MOTOR MFG | H72: 45,00 | I72: 2.25 | J72: 1.255,00mm | K72: REP-501 | L72: 262 | M72: 5E08 | N72: 5262258HCC | O72: 0 | P72: -80 | Q72: 0 | R72: -238.16 | S72: YGB10BMF0225+12550 | T72: 0 | U72: REP-OBOR | V72: 46266 | W72: Handheld | X72: GUDANG05D | Y72: 4912229773 | Z72: 202609 | AA72: 0.64083333 | AB72: 1105421201 | AC72: 0 | AD72: 3001453137 | AE72: 46266 | AF72: - | AI72: =IF(MID(S72,14,1)="A",RIGHT(S72,4)/1,IF(MID(S72,13,1)="+",RIGHT(S72,5)/10,IF(MID(S72,13,1)="-",RIGHT(S72,5)/1))) -> 1255 | AJ72: =IF(AI72<3000,"St","LT") -> St | AK72: =VLOOKUP(MID(M72,2,1),Sheet4!A:B,2,FALSE) -> Gd.05 | AL72: =TEXT(D72,"mmmm") -> September | AM72: =Q72 -> 0 | AN72: =O72 -> 0
A73: 1105 | B73: 500000438285 | C73: REP-501 | D73: 46266 | E73: PT. YAMAHA INDONESIA MOTOR MFG | H73: 45,00 | I73: 2.25 | J73: 1.255,00mm | K73: REP-501 | L73: 261 | M73: 5E08 | N73: 5262258HCC | O73: 0 | P73: 180 | Q73: 0 | R73: 535.86 | S73: YGB10BMF0225+12550 | T73: 0 | U73: REP-OBOR | V73: 46266 | W73: Handheld | X73: GUDANG05D | Y73: 4912229772 | Z73: 202609 | AA73: 0.64072917 | AB73: 1105421201 | AC73: 0 | AD73: 3001453137 | AE73: 46266 | AF73: - | AI73: =IF(MID(S73,14,1)="A",RIGHT(S73,4)/1,IF(MID(S73,13,1)="+",RIGHT(S73,5)/10,IF(MID(S73,13,1)="-",RIGHT(S73,5)/1))) -> 1255 | AJ73: =IF(AI73<3000,"St","LT") -> St | AK73: =VLOOKUP(MID(M73,2,1),Sheet4!A:B,2,FALSE) -> Gd.05 | AL73: =TEXT(D73,"mmmm") -> September | AM73: =Q73 -> 0 | AN73: =O73 -> 0
A74: 1105 | B74: 500000438285 | C74: REP-501 | D74: 46266 | E74: PT. YAMAHA INDONESIA MOTOR MFG | H74: 45,00 | I74: 2.25 | J74: 1.255,00mm | K74: REP-501 | L74: 101 | M74: 5E08 | N74: 5262258HCA | O74: 320 | P74: 0 | Q74: 952.64 | R74: 0 | S74: YGB10BMF0225+12550 | T74: 0 | U74: REP-OBOR | V74: 46266 | W74: Handheld | X74: GUDANG05D | Y74: 5002102325 | Z74: 202609 | AA74: 0.64100694 | AB74: 1105421201 | AC74: 0 | AD74: 3001456025 | AE74: 46266 | AF74: - | AI74: =IF(MID(S74,14,1)="A",RIGHT(S74,4)/1,IF(MID(S74,13,1)="+",RIGHT(S74,5)/10,IF(MID(S74,13,1)="-",RIGHT(S74,5)/1))) -> 1255 | AJ74: =IF(AI74<3000,"St","LT") -> St | AK74: =VLOOKUP(MID(M74,2,1),Sheet4!A:B,2,FALSE) -> Gd.05 | AL74: =TEXT(D74,"mmmm") -> September | AM74: =Q74 -> 952.64 | AN74: =O74 -> 320
A75: 1105 | B75: 500000438285 | C75: REP-501 | D75: 46266 | E75: PT. YAMAHA INDONESIA MOTOR MFG | H75: 45,00 | I75: 2.25 | J75: 1.255,00mm | K75: REP-501 | L75: 262 | M75: 5E08 | N75: 5262258HCC | O75: 0 | P75: -180 | Q75: 0 | R75: -535.86 | S75: YGB10BMF0225+12550 | T75: 0 | U75: REP-OBOR | V75: 46266 | W75: Handheld | X75: GUDANG05D | Y75: 4912229758 | Z75: 202609 | AA75: 0.64024306 | AB75: 1105421201 | AC75: 0 | AD75: 3001453137 | AE75: 46266 | AF75: - | AI75: =IF(MID(S75,14,1)="A",RIGHT(S75,4)/1,IF(MID(S75,13,1)="+",RIGHT(S75,5)/10,IF(MID(S75,13,1)="-",RIGHT(S75,5)/1))) -> 1255 | AJ75: =IF(AI75<3000,"St","LT") -> St | AK75: =VLOOKUP(MID(M75,2,1),Sheet4!A:B,2,FALSE) -> Gd.05 | AL75: =TEXT(D75,"mmmm") -> September | AM75: =Q75 -> 0 | AN75: =O75 -> 0
A76: 1105 | B76: 500000438285 | C76: REP-501 | D76: 46266 | E76: PT. YAMAHA INDONESIA MOTOR MFG | H76: 45,00 | I76: 2.25 | J76: 1.255,00mm | K76: REP-501 | L76: 261 | M76: 5E08 | N76: 5262258HCC | O76: 0 | P76: 63 | Q76: 0 | R76: 187.551 | S76: YGB10BMF0225+12550 | T76: 0 | U76: REP-OBOR | V76: 46266 | W76: Handheld | X76: GUDANG05D | Y76: 4912230490 | Z76: 202609 | AA76: 0.70118056 | AB76: 1105421201 | AC76: 0 | AD76: 3001453137 | AE76: 46266 | AF76: - | AI76: =IF(MID(S76,14,1)="A",RIGHT(S76,4)/1,IF(MID(S76,13,1)="+",RIGHT(S76,5)/10,IF(MID(S76,13,1)="-",RIGHT(S76,5)/1))) -> 1255 | AJ76: =IF(AI76<3000,"St","LT") -> St | AK76: =VLOOKUP(MID(M76,2,1),Sheet4!A:B,2,FALSE) -> Gd.05 | AL76: =TEXT(D76,"mmmm") -> September | AM76: =Q76 -> 0 | AN76: =O76 -> 0
A77: 1105 | B77: 500000438285 | C77: REP-501 | D77: 46266 | E77: PT. YAMAHA INDONESIA MOTOR MFG | H77: 45,00 | I77: 2.25 | J77: 1.255,00mm | K77: REP-501 | L77: 261 | M77: 5E08 | N77: 5262258HCC | O77: 0 | P77: 80 | Q77: 0 | R77: 238.16 | S77: YGB10BMF0225+12550 | T77: 0 | U77: REP-OBOR | V77: 46266 | W77: Handheld | X77: GUDANG05D | Y77: 4912230407 | Z77: 202609 | AA77: 0.69414352 | AB77: 1105421201 | AC77: 0 | AD77: 3001453137 | AE77: 46266 | AF77: - | AI77: =IF(MID(S77,14,1)="A",RIGHT(S77,4)/1,IF(MID(S77,13,1)="+",RIGHT(S77,5)/10,IF(MID(S77,13,1)="-",RIGHT(S77,5)/1))) -> 1255 | AJ77: =IF(AI77<3000,"St","LT") -> St | AK77: =VLOOKUP(MID(M77,2,1),Sheet4!A:B,2,FALSE) -> Gd.05 | AL77: =TEXT(D77,"mmmm") -> September | AM77: =Q77 -> 0 | AN77: =O77 -> 0
A78: 1105 | B78: 500000438285 | C78: REP-501 | D78: 46266 | E78: PT. YAMAHA INDONESIA MOTOR MFG | H78: 45,00 | I78: 2.25 | J78: 1.255,00mm | K78: REP-501 | L78: 101 | M78: 5E08 | N78: 5262258HCA | O78: 17 | P78: 0 | Q78: 50.609 | R78: 0 | S78: YGB10BMF0225+12550 | T78: 0 | U78: REP-OBOR | V78: 46266 | W78: Handheld | X78: GUDANG05D | Y78: 5002102449 | Z78: 202609 | AA78: 0.69428241 | AB78: 1105421201 | AC78: 0 | AD78: 3001456027 | AE78: 46266 | AF78: - | AI78: =IF(MID(S78,14,1)="A",RIGHT(S78,4)/1,IF(MID(S78,13,1)="+",RIGHT(S78,5)/10,IF(MID(S78,13,1)="-",RIGHT(S78,5)/1))) -> 1255 | AJ78: =IF(AI78<3000,"St","LT") -> St | AK78: =VLOOKUP(MID(M78,2,1),Sheet4!A:B,2,FALSE) -> Gd.05 | AL78: =TEXT(D78,"mmmm") -> September | AM78: =Q78 -> 50.609 | AN78: =O78 -> 17
A79: 1105 | B79: 500000438285 | C79: REP-501 | D79: 46266 | E79: PT. YAMAHA INDONESIA MOTOR MFG | H79: 45,00 | I79: 2.25 | J79: 1.255,00mm | K79: REP-501 | L79: 261 | M79: 5E08 | N79: 5262258HCC | O79: 0 | P79: 400 | Q79: 0 | R79: 1190.8 | S79: YGB10BMF0225+12550 | T79: 0 | U79: REP-OBOR | V79: 46266 | W79: Handheld | X79: GUDANG05D | Y79: 4912229755 | Z79: 202609 | AA79: 0.63998843 | AB79: 1105421201 | AC79: 0 | AD79: 3001453137 | AE79: 46266 | AF79: - | AI79: =IF(MID(S79,14,1)="A",RIGHT(S79,4)/1,IF(MID(S79,13,1)="+",RIGHT(S79,5)/10,IF(MID(S79,13,1)="-",RIGHT(S79,5)/1))) -> 1255 | AJ79: =IF(AI79<3000,"St","LT") -> St | AK79: =VLOOKUP(MID(M79,2,1),Sheet4!A:B,2,FALSE) -> Gd.05 | AL79: =TEXT(D79,"mmmm") -> September | AM79: =Q79 -> 0 | AN79: =O79 -> 0
A80: 1105 | B80: 500000438285 | C80: REP-501 | D80: 46266 | E80: PT. YAMAHA INDONESIA MOTOR MFG | H80: 45,00 | I80: 2.25 | J80: 1.255,00mm | K80: REP-501 | L80: 262 | M80: 5E08 | N80: 5262258HCC | O80: 0 | P80: -63 | Q80: 0 | R80: -187.551 | S80: YGB10BMF0225+12550 | T80: 0 | U80: REP-OBOR | V80: 46266 | W80: Handheld | X80: GUDANG05D | Y80: 4912230410 | Z80: 202609 | AA80: 0.69446759 | AB80: 1105421201 | AC80: 0 | AD80: 3001453137 | AE80: 46266 | AF80: - | AI80: =IF(MID(S80,14,1)="A",RIGHT(S80,4)/1,IF(MID(S80,13,1)="+",RIGHT(S80,5)/10,IF(MID(S80,13,1)="-",RIGHT(S80,5)/1))) -> 1255 | AJ80: =IF(AI80<3000,"St","LT") -> St | AK80: =VLOOKUP(MID(M80,2,1),Sheet4!A:B,2,FALSE) -> Gd.05 | AL80: =TEXT(D80,"mmmm") -> September | AM80: =Q80 -> 0 | AN80: =O80 -> 0
A81: 1105 | B81: 500000438289 | C81: REP-501 | D81: 46266 | E81: PT. INTI POLYMETAL | H81: 17,30 | I81: 1.5 | J81: 227,00mm | K81: REP-501 | L81: 101 | M81: 5E08 | N81: 5261552HKA | O81: 1307 | P81: 0 | Q81: 173.831 | R81: 0 | S81: X3B10AKO0150+02270 | T81: 0 | V81: 46266 | W81: Handheld | X81: GUDANG05B | Y81: 5002102255 | Z81: 202609 | AA81: 0.61626157 | AB81: 1105421201 | AC81: 0 | AD81: 3001455936 | AE81: 46266 | AI81: =IF(MID(S81,14,1)="A",RIGHT(S81,4)/1,IF(MID(S81,13,1)="+",RIGHT(S81,5)/10,IF(MID(S81,13,1)="-",RIGHT(S81,5)/1))) -> 227 | AJ81: =IF(AI81<3000,"St","LT") -> St | AK81: =VLOOKUP(MID(M81,2,1),Sheet4!A:B,2,FALSE) -> Gd.05 | AL81: =TEXT(D81,"mmmm") -> September | AM81: =Q81 -> 173.831 | AN81: =O81 -> 1307
A82: 1105 | B82: 500000438289 | C82: REP-501 | D82: 46266 | E82: PT. INTI POLYMETAL | H82: 17,30 | I82: 1.5 | J82: 227,00mm | K82: REP-501 | L82: 261 | M82: 5E08 | N82: 5261552HKC | O82: 0 | P82: 1307 | Q82: 0 | R82: 173.831 | S82: X3B10AKO0150+02270 | T82: 0 | V82: 46266 | W82: Handheld | X82: GUDANG05B | Y82: 4912229425 | Z82: 202609 | AA82: 0.61609954 | AB82: 1105421201 | AC82: 0 | AD82: 3001455661 | AE82: 46266 | AI82: =IF(MID(S82,14,1)="A",RIGHT(S82,4)/1,IF(MID(S82,13,1)="+",RIGHT(S82,5)/10,IF(MID(S82,13,1)="-",RIGHT(S82,5)/1))) -> 227 | AJ82: =IF(AI82<3000,"St","LT") -> St | AK82: =VLOOKUP(MID(M82,2,1),Sheet4!A:B,2,FALSE) -> Gd.05 | AL82: =TEXT(D82,"mmmm") -> September | AM82: =Q82 -> 0 | AN82: =O82 -> 0
A83: 1105 | B83: 500000438290 | C83: REP-501 | D83: 46266 | E83: PT. YAMAHA INDONESIA MOTOR MFG | H83: 38,10 | I83: 2.2 | J83: 310,00mm | K83: REP-501 | L83: 101 | M83: 5E08 | N83: 5262911HEA | O83: 202 | P83: 0 | Q83: 122.008 | R83: 0 | S83: XAB10BIA0220+03100 | T83: 0 | U83: OBORGUDANG13 | V83: 46267 | W83: Handheld | X83: GUDANG05C | Y83: 5002103196 | Z83: 202609 | AA83: 0.27611111 | AB83: 1105421201 | AC83: 0 | AD83: 3001457143 | AE83: 46266 | AF83: 0 | AG83: PT. CHANDRA NUG | AI83: =IF(MID(S83,14,1)="A",RIGHT(S83,4)/1,IF(MID(S83,13,1)="+",RIGHT(S83,5)/10,IF(MID(S83,13,1)="-",RIGHT(S83,5)/1))) -> 310 | AJ83: =IF(AI83<3000,"St","LT") -> St | AK83: =VLOOKUP(MID(M83,2,1),Sheet4!A:B,2,FALSE) -> Gd.05 | AL83: =TEXT(D83,"mmmm") -> September | AM83: =Q83 -> 122.008 | AN83: =O83 -> 202
A84: 1105 | B84: 500000438290 | C84: REP-501 | D84: 46266 | E84: PT. YAMAHA INDONESIA MOTOR MFG | H84: 38,10 | I84: 2.2 | J84: 310,00mm | K84: REP-501 | L84: 261 | M84: 5E08 | N84: 5262911HEC | O84: 0 | P84: 813 | Q84: 0 | R84: 491.052 | S84: XAB10BIA0220+03100 | T84: 0 | U84: OBORGUDANG13 | V84: 46267 | W84: Handheld | X84: GUDANG05C | Y84: 4912233412 | Z84: 202609 | AA84: 0.27584491 | AB84: 1105421201 | AC84: 0 | AD84: 3001452137 | AE84: 46266 | AF84: 0 | AG84: PT. CHANDRA NUG | AI84: =IF(MID(S84,14,1)="A",RIGHT(S84,4)/1,IF(MID(S84,13,1)="+",RIGHT(S84,5)/10,IF(MID(S84,13,1)="-",RIGHT(S84,5)/1))) -> 310 | AJ84: =IF(AI84<3000,"St","LT") -> St | AK84: =VLOOKUP(MID(M84,2,1),Sheet4!A:B,2,FALSE) -> Gd.05 | AL84: =TEXT(D84,"mmmm") -> September | AM84: =Q84 -> 0 | AN84: =O84 -> 0
A85: 1105 | B85: 500000438290 | C85: REP-501 | D85: 46266 | E85: PT. YAMAHA INDONESIA MOTOR MFG | H85: 38,10 | I85: 2.2 | J85: 310,00mm | K85: REP-501 | L85: 262 | M85: 5E05 | N85: 5262911HEC | O85: 0 | P85: -114 | Q85: 0 | R85: -68.856 | S85: XAB10BIA0220+03100 | T85: 0 | U85: OBORGUDANG13 | V85: 46266 | W85: Handheld | X85: GUDANG05B | Y85: 4912229456 | Z85: 202609 | AA85: 0.6171412 | AB85: 1105421201 | AC85: 0 | AD85: 3001452069 | AE85: 46266 | AF85: 0 | AG85: PT. CHANDRA NUG | AI85: =IF(MID(S85,14,1)="A",RIGHT(S85,4)/1,IF(MID(S85,13,1)="+",RIGHT(S85,5)/10,IF(MID(S85,13,1)="-",RIGHT(S85,5)/1))) -> 310 | AJ85: =IF(AI85<3000,"St","LT") -> St | AK85: =VLOOKUP(MID(M85,2,1),Sheet4!A:B,2,FALSE) -> Gd.05 | AL85: =TEXT(D85,"mmmm") -> September | AM85: =Q85 -> 0 | AN85: =O85 -> 0
A86: 1105 | B86: 500000438290 | C86: REP-501 | D86: 46266 | E86: PT. YAMAHA INDONESIA MOTOR MFG | H86: 38,10 | I86: 2.2 | J86: 310,00mm | K86: REP-501 | L86: 101 | M86: 5E08 | N86: 5262911HEA | O86: 64 | P86: 0 | Q86: 38.656 | R86: 0 | S86: XAB10BIA0220+03100 | T86: 0 | U86: OBORGUDANG13 | V86: 46266 | W86: Handheld | X86: GUDANG05B | Y86: 5002102257 | Z86: 202609 | AA86: 0.61780093 | AB86: 1105421201 | AC86: 0 | AD86: 3001456067 | AE86: 46266 | AF86: 0 | AG86: PT. CHANDRA NUG | AI86: =IF(MID(S86,14,1)="A",RIGHT(S86,4)/1,IF(MID(S86,13,1)="+",RIGHT(S86,5)/10,IF(MID(S86,13,1)="-",RIGHT(S86,5)/1))) -> 310 | AJ86: =IF(AI86<3000,"St","LT") -> St | AK86: =VLOOKUP(MID(M86,2,1),Sheet4!A:B,2,FALSE) -> Gd.05 | AL86: =TEXT(D86,"mmmm") -> September | AM86: =Q86 -> 38.656 | AN86: =O86 -> 64
A87: 1105 | B87: 500000438290 | C87: REP-501 | D87: 46266 | E87: PT. YAMAHA INDONESIA MOTOR MFG | H87: 38,10 | I87: 2.2 | J87: 310,00mm | K87: REP-501 | L87: 261 | M87: 5E05 | N87: 5262911HEC | O87: 0 | P87: 193 | Q87: 0 | R87: 116.572 | S87: XAB10BIA0220+03100 | T87: 0 | U87: OBORGUDANG13 | V87: 46266 | W87: Handheld | X87: GUDANG05B | Y87: 4912229452 | Z87: 202609 | AA87: 0.61700231 | AB87: 1105421201 | AC87: 0 | AD87: 3001452069 | AE87: 46266 | AF87: 0 | AG87: PT. CHANDRA NUG | AI87: =IF(MID(S87,14,1)="A",RIGHT(S87,4)/1,IF(MID(S87,13,1)="+",RIGHT(S87,5)/10,IF(MID(S87,13,1)="-",RIGHT(S87,5)/1))) -> 310 | AJ87: =IF(AI87<3000,"St","LT") -> St | AK87: =VLOOKUP(MID(M87,2,1),Sheet4!A:B,2,FALSE) -> Gd.05 | AL87: =TEXT(D87,"mmmm") -> September | AM87: =Q87 -> 0 | AN87: =O87 -> 0
A88: 1105 | B88: 500000438290 | C88: REP-501 | D88: 46266 | E88: PT. YAMAHA INDONESIA MOTOR MFG | H88: 38,10 | I88: 2.2 | J88: 310,00mm | K88: REP-501 | L88: 262 | M88: 5E08 | N88: 5262911HEC | O88: 0 | P88: -611 | Q88: 0 | R88: -369.044 | S88: XAB10BIA0220+03100 | T88: 0 | U88: OBORGUDANG13 | V88: 46267 | W88: Handheld | X88: GUDANG05C | Y88: 4912233416 | Z88: 202609 | AA88: 0.27630787 | AB88: 1105421201 | AC88: 0 | AD88: 3001452137 | AE88: 46266 | AF88: 0 | AG88: PT. CHANDRA NUG | AI88: =IF(MID(S88,14,1)="A",RIGHT(S88,4)/1,IF(MID(S88,13,1)="+",RIGHT(S88,5)/10,IF(MID(S88,13,1)="-",RIGHT(S88,5)/1))) -> 310 | AJ88: =IF(AI88<3000,"St","LT") -> St | AK88: =VLOOKUP(MID(M88,2,1),Sheet4!A:B,2,FALSE) -> Gd.05 | AL88: =TEXT(D88,"mmmm") -> September | AM88: =Q88 -> 0 | AN88: =O88 -> 0
A89: 1105 | B89: 500000438291 | C89: REP-501 | D89: 46266 | E89: PT. SETIA GUNA SEJATI | H89: 25,40 | I89: 1.9 | J89: 179,00mm | K89: REP-501 | L89: 101 | M89: 5M08 | N89: 5251638HJA | O89: 50 | P89: 0 | Q89: 9.85 | R89: 0 | S89: X1B10BAA0190+01790 | T89: 0 | U89: OBORGUDANG13 | V89: 46266 | W89: Handheld | X89: GUDANG13C | Y89: 5002101960 | Z89: 202609 | AA89: 0.44269676 | AB89: 1105421201 | AC89: 0 | AD89: 3001456062 | AE89: 46266 | AI89: =IF(MID(S89,14,1)="A",RIGHT(S89,4)/1,IF(MID(S89,13,1)="+",RIGHT(S89,5)/10,IF(MID(S89,13,1)="-",RIGHT(S89,5)/1))) -> 179 | AJ89: =IF(AI89<3000,"St","LT") -> St | AK89: =VLOOKUP(MID(M89,2,1),Sheet4!A:B,2,FALSE) -> Gd.13 | AL89: =TEXT(D89,"mmmm") -> September | AM89: =Q89 -> 9.85 | AN89: =O89 -> 50
A90: 1105 | B90: 500000438291 | C90: REP-501 | D90: 46266 | E90: PT. SETIA GUNA SEJATI | H90: 25,40 | I90: 1.9 | J90: 179,00mm | K90: REP-501 | L90: 261 | M90: 5M08 | N90: 5251638HJC | O90: 0 | P90: 99 | Q90: 0 | R90: 19.503 | S90: X1B10BAA0190+01790 | T90: 0 | U90: OBORGUDANG13 | V90: 46266 | W90: Handheld | X90: GUDANG13C | Y90: 4912227540 | Z90: 202609 | AA90: 0.44208333 | AB90: 1105421201 | AC90: 0 | AD90: 3001452687 | AE90: 46266 | AI90: =IF(MID(S90,14,1)="A",RIGHT(S90,4)/1,IF(MID(S90,13,1)="+",RIGHT(S90,5)/10,IF(MID(S90,13,1)="-",RIGHT(S90,5)/1))) -> 179 | AJ90: =IF(AI90<3000,"St","LT") -> St | AK90: =VLOOKUP(MID(M90,2,1),Sheet4!A:B,2,FALSE) -> Gd.13 | AL90: =TEXT(D90,"mmmm") -> September | AM90: =Q90 -> 0 | AN90: =O90 -> 0
A91: 1105 | B91: 500000438294 | C91: REP-501 | D91: 46266 | H91: 53,00 | I91: 0.7 | J91: 214,00mm | K91: REP-501 | L91: 261 | M91: 5A05 | N91: 5252744L0C | O91: 0 | P91: 34 | Q91: 0 | R91: 6.562 | S91: X1B27CBG0070+02140 | T91: 0 | U91: OBOR | V91: 46266 | W91: Handheld | X91: GUDANG01B | Y91: 4912227513 | Z91: 202609 | AA91: 0.44012731 | AB91: 1105421201 | AC91: 0 | AD91: 4001911689 | AE91: 46266 | AI91: =IF(MID(S91,14,1)="A",RIGHT(S91,4)/1,IF(MID(S91,13,1)="+",RIGHT(S91,5)/10,IF(MID(S91,13,1)="-",RIGHT(S91,5)/1))) -> 214 | AJ91: =IF(AI91<3000,"St","LT") -> St | AK91: =VLOOKUP(MID(M91,2,1),Sheet4!A:B,2,FALSE) -> Gd.01 | AL91: =TEXT(D91,"mmmm") -> September | AM91: =Q91 -> 0 | AN91: =O91 -> 0
A92: 1105 | B92: 500000438294 | C92: REP-501 | D92: 46266 | E92: PT. KAYABA INDONESIA | H92: 53,00 | I92: 0.7 | J92: 214,00mm | K92: REP-501 | L92: 101 | M92: 5A11 | N92: 5252744L0A | O92: 34 | P92: 0 | Q92: 6.562 | R92: 0 | S92: X1B27CBG0070+02140 | T92: 0 | U92: OBOR | V92: 46266 | W92: Handheld | X92: GUDANG01B | Y92: 5002101957 | Z92: 202609 | AA92: 0.44125 | AB92: 1105421201 | AC92: 0 | AD92: 4002146489 | AE92: 46266 | AI92: =IF(MID(S92,14,1)="A",RIGHT(S92,4)/1,IF(MID(S92,13,1)="+",RIGHT(S92,5)/10,IF(MID(S92,13,1)="-",RIGHT(S92,5)/1))) -> 214 | AJ92: =IF(AI92<3000,"St","LT") -> St | AK92: =VLOOKUP(MID(M92,2,1),Sheet4!A:B,2,FALSE) -> Gd.01 | AL92: =TEXT(D92,"mmmm") -> September | AM92: =Q92 -> 6.562 | AN92: =O92 -> 34
A93: 1105 | B93: 500000438294 | C93: REP-501 | D93: 46266 | E93: PT. KAYABA INDONESIA | H93: 53,00 | I93: 0.7 | J93: 214,00mm | K93: REP-501 | L93: 101 | M93: 5A11 | N93: 5252733L0A | O93: 16 | P93: 0 | Q93: 3.088 | R93: 0 | S93: X1B27CBG0070+02140 | T93: 0 | U93: OBOR | V93: 46266 | W93: Handheld | X93: GUDANG01B | Y93: 5002101983 | Z93: 202609 | AA93: 0.45387731 | AB93: 1105421201 | AC93: 0 | AD93: 4002146490 | AE93: 46266 | AI93: =IF(MID(S93,14,1)="A",RIGHT(S93,4)/1,IF(MID(S93,13,1)="+",RIGHT(S93,5)/10,IF(MID(S93,13,1)="-",RIGHT(S93,5)/1))) -> 214 | AJ93: =IF(AI93<3000,"St","LT") -> St | AK93: =VLOOKUP(MID(M93,2,1),Sheet4!A:B,2,FALSE) -> Gd.01 | AL93: =TEXT(D93,"mmmm") -> September | AM93: =Q93 -> 3.088 | AN93: =O93 -> 16
A94: 1105 | B94: 500000438294 | C94: REP-501 | D94: 46266 | H94: 53,00 | I94: 0.7 | J94: 214,00mm | K94: REP-501 | L94: 261 | M94: 5A05 | N94: 5252733L0C | O94: 0 | P94: 30 | Q94: 0 | R94: 5.79 | S94: X1B27CBG0070+02140 | T94: 0 | U94: OBOR | V94: 46266 | W94: Handheld | X94: GUDANG01B | Y94: 4912227650 | Z94: 202609 | AA94: 0.45368056 | AB94: 1105421201 | AC94: 0 | AD94: 4001883581 | AE94: 46266 | AI94: =IF(MID(S94,14,1)="A",RIGHT(S94,4)/1,IF(MID(S94,13,1)="+",RIGHT(S94,5)/10,IF(MID(S94,13,1)="-",RIGHT(S94,5)/1))) -> 214 | AJ94: =IF(AI94<3000,"St","LT") -> St | AK94: =VLOOKUP(MID(M94,2,1),Sheet4!A:B,2,FALSE) -> Gd.01 | AL94: =TEXT(D94,"mmmm") -> September | AM94: =Q94 -> 0 | AN94: =O94 -> 0
A95: 1105 | B95: 500000438297 | C95: REP-501 | D95: 46266 | E95: PT. CHANDRA NUGERAHCIPTA | H95: 50,80 | I95: 2.8 | J95: 388,00mm | K95: REP-501 | L95: 261 | M95: 5M09 | N95: 5261787HGA | O95: 0 | P95: 128 | Q95: 0 | R95: 164.608 | S95: YBB10CAA0280+03880 | T95: 0 | U95: OBORGUDANG13 | V95: 46266 | W95: Handheld | X95: GUDANG13C | Y95: 4912227700 | Z95: 202609 | AA95: 0.46076389 | AB95: 1105421201 | AC95: 0 | AD95: 3001455610 | AE95: 46266 | AI95: =IF(MID(S95,14,1)="A",RIGHT(S95,4)/1,IF(MID(S95,13,1)="+",RIGHT(S95,5)/10,IF(MID(S95,13,1)="-",RIGHT(S95,5)/1))) -> 388 | AJ95: =IF(AI95<3000,"St","LT") -> St | AK95: =VLOOKUP(MID(M95,2,1),Sheet4!A:B,2,FALSE) -> Gd.13 | AL95: =TEXT(D95,"mmmm") -> September | AM95: =Q95 -> 0 | AN95: =O95 -> 0
A96: 1105 | B96: 500000438297 | C96: REP-501 | D96: 46266 | E96: PT. CHANDRA NUGERAHCIPTA | H96: 50,80 | I96: 2.8 | J96: 388,00mm | K96: REP-501 | L96: 262 | M96: 5M09 | N96: 5261787HGA | O96: 0 | P96: -128 | Q96: 0 | R96: -164.608 | S96: YBB10CAA0280+03880 | T96: 0 | U96: WHKARU_SUHAR | V96: 46266 | W96: Handheld | X96: GUDANG13C | Y96: 4912227701 | Z96: 202609 | AA96: 0.4612963 | AB96: 1105421201 | AC96: 0 | AD96: 3001455610 | AE96: 46266 | AI96: =IF(MID(S96,14,1)="A",RIGHT(S96,4)/1,IF(MID(S96,13,1)="+",RIGHT(S96,5)/10,IF(MID(S96,13,1)="-",RIGHT(S96,5)/1))) -> 388 | AJ96: =IF(AI96<3000,"St","LT") -> St | AK96: =VLOOKUP(MID(M96,2,1),Sheet4!A:B,2,FALSE) -> Gd.13 | AL96: =TEXT(D96,"mmmm") -> September | AM96: =Q96 -> 0 | AN96: =O96 -> 0
A97: 1105 | B97: 500000438297 | C97: REP-501 | D97: 46266 | E97: PT. CHANDRA NUGERAHCIPTA | H97: 50,80 | I97: 2.8 | J97: 388,00mm | K97: REP-501 | L97: 261 | M97: 5M09 | N97: 5261787HGC | O97: 0 | P97: 189 | Q97: 0 | R97: 243.054 | S97: YBB10CAA0280+03880 | T97: 0 | U97: OBORGUDANG13 | V97: 46266 | W97: Handheld | X97: GUDANG13C | Y97: 4912227703 | Z97: 202609 | AA97: 0.46159722 | AB97: 1105421201 | AC97: 0 | AD97: 3001454316 | AE97: 46266 | AF97: - | AG97: PT. CHANDRA NUG | AI97: =IF(MID(S97,14,1)="A",RIGHT(S97,4)/1,IF(MID(S97,13,1)="+",RIGHT(S97,5)/10,IF(MID(S97,13,1)="-",RIGHT(S97,5)/1))) -> 388 | AJ97: =IF(AI97<3000,"St","LT") -> St | AK97: =VLOOKUP(MID(M97,2,1),Sheet4!A:B,2,FALSE) -> Gd.13 | AL97: =TEXT(D97,"mmmm") -> September | AM97: =Q97 -> 0 | AN97: =O97 -> 0
A98: 1105 | B98: 500000438297 | C98: REP-501 | D98: 46266 | E98: PT. CHANDRA NUGERAHCIPTA | H98: 50,80 | I98: 2.8 | J98: 388,00mm | K98: REP-501 | L98: 101 | M98: 5M09 | N98: 5261787HGA | O98: 72 | P98: 0 | Q98: 92.592 | R98: 0 | S98: YBB10CAA0280+03880 | T98: 0 | U98: OBORGUDANG13 | V98: 46266 | W98: Handheld | X98: GUDANG13C | Y98: 5002101988 | Z98: 202609 | AA98: 0.46185185 | AB98: 1105421201 | AC98: 0 | AD98: 3001455986 | AE98: 46266 | AI98: =IF(MID(S98,14,1)="A",RIGHT(S98,4)/1,IF(MID(S98,13,1)="+",RIGHT(S98,5)/10,IF(MID(S98,13,1)="-",RIGHT(S98,5)/1))) -> 388 | AJ98: =IF(AI98<3000,"St","LT") -> St | AK98: =VLOOKUP(MID(M98,2,1),Sheet4!A:B,2,FALSE) -> Gd.13 | AL98: =TEXT(D98,"mmmm") -> September | AM98: =Q98 -> 92.592 | AN98: =O98 -> 72
A99: 1105 | B99: 500000438297 | C99: REP-501 | D99: 46266 | E99: PT. CHANDRA NUGERAHCIPTA | H99: 50,80 | I99: 2.8 | J99: 388,00mm | K99: REP-501 | L99: 262 | M99: 5M09 | N99: 5261787HGC | O99: 0 | P99: -117 | Q99: 0 | R99: -150.462 | S99: YBB10CAA0280+03880 | T99: 0 | U99: WHKARU_SUHAR | V99: 46266 | W99: Handheld | X99: GUDANG13C | Y99: 4912227713 | Z99: 202609 | AA99: 0.46202546 | AB99: 1105421201 | AC99: 0 | AD99: 3001454316 | AE99: 46266 | AF99: - | AG99: PT. CHANDRA NUG | AI99: =IF(MID(S99,14,1)="A",RIGHT(S99,4)/1,IF(MID(S99,13,1)="+",RIGHT(S99,5)/10,IF(MID(S99,13,1)="-",RIGHT(S99,5)/1))) -> 388 | AJ99: =IF(AI99<3000,"St","LT") -> St | AK99: =VLOOKUP(MID(M99,2,1),Sheet4!A:B,2,FALSE) -> Gd.13 | AL99: =TEXT(D99,"mmmm") -> September | AM99: =Q99 -> 0 | AN99: =O99 -> 0
A100: 1105 | B100: 500000438298 | C100: REP-501 | D100: 46266 | E100: PT. MENARA TERUS MAKMUR | H100: 31,80 | I100: 6.3 | J100: 294,00mm | K100: REP-501 | L100: 101 | M100: 5M09 | N100: 5262736X0A | O100: 500 | P100: 0 | Q100: 582.5 | R100: 0 | S100: XCB29BEA0630+02940 | T100: 0 | U100: OBOR | V100: 46266 | W100: Handheld | X100: GUDANG13C | Y100: 5002102437 | Z100: 202609 | AA100: 0.68765046 | AB100: 1105421201 | AC100: 0 | AD100: 4002146480 | AE100: 46266 | AI100: =IF(MID(S100,14,1)="A",RIGHT(S100,4)/1,IF(MID(S100,13,1)="+",RIGHT(S100,5)/10,IF(MID(S100,13,1)="-",RIGHT(S100,5)/1))) -> 294 | AJ100: =IF(AI100<3000,"St","LT") -> St | AK100: =VLOOKUP(MID(M100,2,1),Sheet4!A:B,2,FALSE) -> Gd.13 | AL100: =TEXT(D100,"mmmm") -> September | AM100: =Q100 -> 582.5 | AN100: =O100 -> 500
...

Sheet Stok Grade C
A1: SLOC | B1: Customer | C1: MATERIAL NUMBER | D1: DIAM " | E1: LENGTH SIDE | F1: WIDTH SIDE | G1: DIAM MM | H1: TEBAL | I1: PANJANG | J1: Unrestricted Pcs | K1: Unrestricted Kg | L1: BATCH | M1: NOMOR SO | N1: ITEM SO | O1: Requested deliv.date | P1: CUST.REMARK | Q1: Forecats Cust. | R1: PASM | S1: PASG | T1: BLOK STOK BOm | U1: XX | V1: Gudang | W1: Panjang Pipa | X1: ST/LT | Y1: Grade
A2: 5D14 | B2: PT. GLOBAL DIMENSI METALINDO | C2: X1B00AHJ0100+61300 | G2: 12,00 | H2: 1,00 | I2: 6.130,00mm | J2: 107 | K2: 177.941 | L2: 5261688F0A | N2: 0 | Q2: PT. GLOBAL DIMENSI METALINDO | R2: FAST | S2: PRIME | T2: 0 | V2: =VLOOKUP(MID(A2,2,1),Sheet4!A:B,2,FALSE) -> Gd.04 | W2: =IF(MID(C2,14,1)="A",RIGHT(C2,4)/1,IF(MID(C2,13,1)="+",RIGHT(C2,5)/10,IF(MID(C2,13,1)="-",RIGHT(C2,5)/1))) -> 6130 | X2: =IF(W2<3000,"St","LT") -> LT | Y2: =VLOOKUP(RIGHT(L2,1),Sheet4!F:G,2,FALSE) -> Prime
A3: 5D27 | B3: PT. GLOBAL DIMENSI METALINDO | C3: X1B00AHJ0100+61300 | G3: 12,00 | H3: 1,00 | I3: 6.130,00mm | J3: 132 | K3: 219.516 | L3: 5261688F0A | N3: 0 | Q3: PT. GLOBAL DIMENSI METALINDO | R3: FAST | S3: PRIME | T3: 0 | V3: =VLOOKUP(MID(A3,2,1),Sheet4!A:B,2,FALSE) -> Gd.04 | W3: =IF(MID(C3,14,1)="A",RIGHT(C3,4)/1,IF(MID(C3,13,1)="+",RIGHT(C3,5)/10,IF(MID(C3,13,1)="-",RIGHT(C3,5)/1))) -> 6130 | X3: =IF(W3<3000,"St","LT") -> LT | Y3: =VLOOKUP(RIGHT(L3,1),Sheet4!F:G,2,FALSE) -> Prime
A4: 5C08 | C4: X1B00AIA0050+53400 | D4: 1/2" | G4: 12,70 | H4: 0,50 | I4: 5.340,00mm | J4: 83 | K4: 66.649 | L4: 5252874F0A | N4: 0 | R4: FAST | S4: PRIME | T4: 0 | V4: =VLOOKUP(MID(A4,2,1),Sheet4!A:B,2,FALSE) -> Gd.03 | W4: =IF(MID(C4,14,1)="A",RIGHT(C4,4)/1,IF(MID(C4,13,1)="+",RIGHT(C4,5)/10,IF(MID(C4,13,1)="-",RIGHT(C4,5)/1))) -> 5340 | X4: =IF(W4<3000,"St","LT") -> LT | Y4: =VLOOKUP(RIGHT(L4,1),Sheet4!F:G,2,FALSE) -> Prime
A5: 5C06 | B5: PT. RINNAI INDONESIA | C5: X1B00AIA0080+49900 | D5: 1/2" | G5: 12,70 | H5: 0,80 | I5: 4.990,00mm | J5: 413 | K5: 483.623 | L5: 5262615F0A | N5: 0 | P5: 50/IX/2026 HASIL MAKRO NG(LANJUT CU | Q5: PT. RINNAI INDONESIA | R5: FAST | S5: PRIME | T5: 0 | V5: =VLOOKUP(MID(A5,2,1),Sheet4!A:B,2,FALSE) -> Gd.03 | W5: =IF(MID(C5,14,1)="A",RIGHT(C5,4)/1,IF(MID(C5,13,1)="+",RIGHT(C5,5)/10,IF(MID(C5,13,1)="-",RIGHT(C5,5)/1))) -> 4990 | X5: =IF(W5<3000,"St","LT") -> LT | Y5: =VLOOKUP(RIGHT(L5,1),Sheet4!F:G,2,FALSE) -> Prime
A6: 5C06 | B6: PT. RINNAI INDONESIA | C6: X1B00AIA0080+49900 | D6: 1/2" | G6: 12,70 | H6: 0,80 | I6: 4.990,00mm | J6: 1324 | K6: 1550.404 | L6: 6261568F0A | N6: 0 | Q6: PT. RINNAI INDONESIA | R6: FAST | S6: PRIME | T6: 0 | V6: =VLOOKUP(MID(A6,2,1),Sheet4!A:B,2,FALSE) -> Gd.03 | W6: =IF(MID(C6,14,1)="A",RIGHT(C6,4)/1,IF(MID(C6,13,1)="+",RIGHT(C6,5)/10,IF(MID(C6,13,1)="-",RIGHT(C6,5)/1))) -> 4990 | X6: =IF(W6<3000,"St","LT") -> LT | Y6: =VLOOKUP(RIGHT(L6,1),Sheet4!F:G,2,FALSE) -> Prime
A7: 5C06 | B7: PT. RINNAI INDONESIA | C7: X1B00AIA0080+49900 | D7: 1/2" | G7: 12,70 | H7: 0,80 | I7: 4.990,00mm | J7: 2626 | K7: 3075.046 | L7: 6261570F0A | N7: 0 | Q7: PT. RINNAI INDONESIA | R7: FAST | S7: PRIME | T7: 0 | V7: =VLOOKUP(MID(A7,2,1),Sheet4!A:B,2,FALSE) -> Gd.03 | W7: =IF(MID(C7,14,1)="A",RIGHT(C7,4)/1,IF(MID(C7,13,1)="+",RIGHT(C7,5)/10,IF(MID(C7,13,1)="-",RIGHT(C7,5)/1))) -> 4990 | X7: =IF(W7<3000,"St","LT") -> LT | Y7: =VLOOKUP(RIGHT(L7,1),Sheet4!F:G,2,FALSE) -> Prime
A8: 5C08 | B8: PT. RINNAI INDONESIA | C8: X1B00AIA0080+49900 | D8: 1/2" | G8: 12,70 | H8: 0,80 | I8: 4.990,00mm | J8: 67 | K8: 78.457 | L8: 6261568F0A | N8: 0 | Q8: PT. RINNAI INDONESIA | R8: FAST | S8: PRIME | T8: 0 | V8: =VLOOKUP(MID(A8,2,1),Sheet4!A:B,2,FALSE) -> Gd.03 | W8: =IF(MID(C8,14,1)="A",RIGHT(C8,4)/1,IF(MID(C8,13,1)="+",RIGHT(C8,5)/10,IF(MID(C8,13,1)="-",RIGHT(C8,5)/1))) -> 4990 | X8: =IF(W8<3000,"St","LT") -> LT | Y8: =VLOOKUP(RIGHT(L8,1),Sheet4!F:G,2,FALSE) -> Prime
A9: 5D27 | B9: PT. RINNAI INDONESIA | C9: X1B00AIA0080+49900 | D9: 1/2" | G9: 12,70 | H9: 0,80 | I9: 4.990,00mm | J9: 281 | K9: 329.051 | L9: 5262614F0A | N9: 0 | Q9: PT. RINNAI INDONESIA | R9: FAST | S9: PRIME | T9: 0 | V9: =VLOOKUP(MID(A9,2,1),Sheet4!A:B,2,FALSE) -> Gd.04 | W9: =IF(MID(C9,14,1)="A",RIGHT(C9,4)/1,IF(MID(C9,13,1)="+",RIGHT(C9,5)/10,IF(MID(C9,13,1)="-",RIGHT(C9,5)/1))) -> 4990 | X9: =IF(W9<3000,"St","LT") -> LT | Y9: =VLOOKUP(RIGHT(L9,1),Sheet4!F:G,2,FALSE) -> Prime
A10: 5D27 | B10: PT. RINNAI INDONESIA | C10: X1B00AIA0080+49900 | D10: 1/2" | G10: 12,70 | H10: 0,80 | I10: 4.990,00mm | J10: 121 | K10: 141.691 | L10: 5262615F0A | N10: 0 | Q10: PT. RINNAI INDONESIA | R10: FAST | S10: PRIME | T10: 0 | V10: =VLOOKUP(MID(A10,2,1),Sheet4!A:B,2,FALSE) -> Gd.04 | W10: =IF(MID(C10,14,1)="A",RIGHT(C10,4)/1,IF(MID(C10,13,1)="+",RIGHT(C10,5)/10,IF(MID(C10,13,1)="-",RIGHT(C10,5)/1))) -> 4990 | X10: =IF(W10<3000,"St","LT") -> LT | Y10: =VLOOKUP(RIGHT(L10,1),Sheet4!F:G,2,FALSE) -> Prime
A11: 5D29 | B11: PT. UTAMA RAYA MOTOR INDUSTRY | C11: X1B00AIA0080+60600 | D11: 1/2" | G11: 12,70 | H11: 0,80 | I11: 6.060,00mm | J11: 299 | K11: 425.477 | L11: 5262613F0A | N11: 0 | Q11: PT. UTAMA RAYA MOTOR INDUSTRY | R11: FAST | S11: PRIME | T11: 0 | V11: =VLOOKUP(MID(A11,2,1),Sheet4!A:B,2,FALSE) -> Gd.04 | W11: =IF(MID(C11,14,1)="A",RIGHT(C11,4)/1,IF(MID(C11,13,1)="+",RIGHT(C11,5)/10,IF(MID(C11,13,1)="-",RIGHT(C11,5)/1))) -> 6060 | X11: =IF(W11<3000,"St","LT") -> LT | Y11: =VLOOKUP(RIGHT(L11,1),Sheet4!F:G,2,FALSE) -> Prime
A12: 5C09 | B12: PT. RINNAI INDONESIA | C12: X1B00AIA0100+42900 | D12: 1/2" | G12: 12,70 | H12: 1,00 | I12: 4.290,00mm | J12: 135 | K12: 167.13 | L12: 5262834F0A | N12: 0 | Q12: PT. RINNAI INDONESIA | R12: FAST | S12: PRIME | T12: 0 | V12: =VLOOKUP(MID(A12,2,1),Sheet4!A:B,2,FALSE) -> Gd.03 | W12: =IF(MID(C12,14,1)="A",RIGHT(C12,4)/1,IF(MID(C12,13,1)="+",RIGHT(C12,5)/10,IF(MID(C12,13,1)="-",RIGHT(C12,5)/1))) -> 4290 | X12: =IF(W12<3000,"St","LT") -> LT | Y12: =VLOOKUP(RIGHT(L12,1),Sheet4!F:G,2,FALSE) -> Prime
A13: 5C10 | B13: PT. RINNAI INDONESIA | C13: X1B00AIA0100+42900 | D13: 1/2" | G13: 12,70 | H13: 1,00 | I13: 4.290,00mm | J13: 3073 | K13: 3804.374 | L13: 5262837F0A | N13: 0 | Q13: PT. RINNAI INDONESIA | R13: FAST | S13: PRIME | T13: 0 | V13: =VLOOKUP(MID(A13,2,1),Sheet4!A:B,2,FALSE) -> Gd.03 | W13: =IF(MID(C13,14,1)="A",RIGHT(C13,4)/1,IF(MID(C13,13,1)="+",RIGHT(C13,5)/10,IF(MID(C13,13,1)="-",RIGHT(C13,5)/1))) -> 4290 | X13: =IF(W13<3000,"St","LT") -> LT | Y13: =VLOOKUP(RIGHT(L13,1),Sheet4!F:G,2,FALSE) -> Prime
A14: 5C10 | B14: PT. RINNAI INDONESIA | C14: X1B00AIA0100+42900 | D14: 1/2" | G14: 12,70 | H14: 1,00 | I14: 4.290,00mm | J14: 331 | K14: 409.778 | L14: 5263236F0A | N14: 0 | Q14: PT. RINNAI INDONESIA | R14: FAST | S14: PRIME | T14: 0 | V14: =VLOOKUP(MID(A14,2,1),Sheet4!A:B,2,FALSE) -> Gd.03 | W14: =IF(MID(C14,14,1)="A",RIGHT(C14,4)/1,IF(MID(C14,13,1)="+",RIGHT(C14,5)/10,IF(MID(C14,13,1)="-",RIGHT(C14,5)/1))) -> 4290 | X14: =IF(W14<3000,"St","LT") -> LT | Y14: =VLOOKUP(RIGHT(L14,1),Sheet4!F:G,2,FALSE) -> Prime
A15: 5C10 | B15: PT. RINNAI INDONESIA | C15: X1B00AIA0100+42900 | D15: 1/2" | G15: 12,70 | H15: 1,00 | I15: 4.290,00mm | J15: 556 | K15: 688.328 | L15: 6261574F0A | N15: 0 | Q15: PT. RINNAI INDONESIA | R15: FAST | S15: PRIME | T15: 0 | V15: =VLOOKUP(MID(A15,2,1),Sheet4!A:B,2,FALSE) -> Gd.03 | W15: =IF(MID(C15,14,1)="A",RIGHT(C15,4)/1,IF(MID(C15,13,1)="+",RIGHT(C15,5)/10,IF(MID(C15,13,1)="-",RIGHT(C15,5)/1))) -> 4290 | X15: =IF(W15<3000,"St","LT") -> LT | Y15: =VLOOKUP(RIGHT(L15,1),Sheet4!F:G,2,FALSE) -> Prime
A16: 5D09 | B16: PT. RINNAI INDONESIA | C16: X1B00AIA0100+42900 | D16: 1/2" | G16: 12,70 | H16: 1,00 | I16: 4.290,00mm | J16: 461 | K16: 570.718 | L16: 5262836F0A | N16: 0 | Q16: PT. RINNAI INDONESIA | R16: FAST | S16: PRIME | T16: 0 | V16: =VLOOKUP(MID(A16,2,1),Sheet4!A:B,2,FALSE) -> Gd.04 | W16: =IF(MID(C16,14,1)="A",RIGHT(C16,4)/1,IF(MID(C16,13,1)="+",RIGHT(C16,5)/10,IF(MID(C16,13,1)="-",RIGHT(C16,5)/1))) -> 4290 | X16: =IF(W16<3000,"St","LT") -> LT | Y16: =VLOOKUP(RIGHT(L16,1),Sheet4!F:G,2,FALSE) -> Prime
A17: 5D09 | B17: PT. RINNAI INDONESIA | C17: X1B00AIA0100+42900 | D17: 1/2" | G17: 12,70 | H17: 1,00 | I17: 4.290,00mm | J17: 201 | K17: 248.838 | L17: 5262837F0A | N17: 0 | Q17: PT. RINNAI INDONESIA | R17: FAST | S17: PRIME | T17: 0 | V17: =VLOOKUP(MID(A17,2,1),Sheet4!A:B,2,FALSE) -> Gd.04 | W17: =IF(MID(C17,14,1)="A",RIGHT(C17,4)/1,IF(MID(C17,13,1)="+",RIGHT(C17,5)/10,IF(MID(C17,13,1)="-",RIGHT(C17,5)/1))) -> 4290 | X17: =IF(W17<3000,"St","LT") -> LT | Y17: =VLOOKUP(RIGHT(L17,1),Sheet4!F:G,2,FALSE) -> Prime
... A25: 5D11 | B25: PT. RINNAI INDONESIA | C25: X1B00AIA0100+55630 | D25: 1/2" | G25: 12,70 | H25: 1,00 | I25: 5.563,00mm | J25: 423 | K25: 678.915 | L25: 5262837F0A | N25: 0 | Q25: PT. RINNAI INDONESIA | R25: FAST | S25: PRIME | T25: 0 | V25: =VLOOKUP(MID(A25,2,1),Sheet4!A:B,2,FALSE) -> Gd.04 | W25: =IF(MID(C25,14,1)="A",RIGHT(C25,4)/1,IF(MID(C25,13,1)="+",RIGHT(C25,5)/10,IF(MID(C25,13,1)="-",RIGHT(C25,5)/1))) -> 5563 | X25: =IF(W25<3000,"St","LT") -> LT | Y25: =VLOOKUP(RIGHT(L25,1),Sheet4!F:G,2,FALSE) -> Prime
A26: 5D29 | C26: X1B00AIA0110+60600 | D26: 1/2" | G26: 12,70 | H26: 1,10 | I26: 6.060,00mm | J26: 22 | K26: 41.954 | L26: 5240948C0C | N26: 0 | P26: 261/XI/2025 KARAT LUAR | R26: FAST | S26: NON PRIME | T26: 0 | V26: =VLOOKUP(MID(A26,2,1),Sheet4!A:B,2,FALSE) -> Gd.04 | W26: =IF(MID(C26,14,1)="A",RIGHT(C26,4)/1,IF(MID(C26,13,1)="+",RIGHT(C26,5)/10,IF(MID(C26,13,1)="-",RIGHT(C26,5)/1))) -> 6060 | X26: =IF(W26<3000,"St","LT") -> LT | Y26: =VLOOKUP(RIGHT(L26,1),Sheet4!F:G,2,FALSE) -> Grd C
A27: 5D14 | B27: PT. PUTRABANGUN CITRAMANDIRI | C27: X1B00AIA0110+60600 | D27: 1/2" | G27: 12,70 | H27: 1,10 | I27: 6.060,00mm | J27: 140 | K27: 266.98 | L27: 5260248F0A | N27: 0 | Q27: PT. PUTRABANGUN CITRAMANDIRI | R27: FAST | S27: PRIME | T27: 0 | V27: =VLOOKUP(MID(A27,2,1),Sheet4!A:B,2,FALSE) -> Gd.04 | W27: =IF(MID(C27,14,1)="A",RIGHT(C27,4)/1,IF(MID(C27,13,1)="+",RIGHT(C27,5)/10,IF(MID(C27,13,1)="-",RIGHT(C27,5)/1))) -> 6060 | X27: =IF(W27<3000,"St","LT") -> LT | Y27: =VLOOKUP(RIGHT(L27,1),Sheet4!F:G,2,FALSE) -> Prime
A28: 5D15 | B28: PT. PUTRABANGUN CITRAMANDIRI | C28: X1B00AIA0110+60600 | D28: 1/2" | G28: 12,70 | H28: 1,10 | I28: 6.060,00mm | J28: 159 | K28: 303.213 | L28: 5260249F0A | N28: 0 | Q28: PT. PUTRABANGUN CITRAMANDIRI | R28: FAST | S28: PRIME | T28: 0 | V28: =VLOOKUP(MID(A28,2,1),Sheet4!A:B,2,FALSE) -> Gd.04 | W28: =IF(MID(C28,14,1)="A",RIGHT(C28,4)/1,IF(MID(C28,13,1)="+",RIGHT(C28,5)/10,IF(MID(C28,13,1)="-",RIGHT(C28,5)/1))) -> 6060 | X28: =IF(W28<3000,"St","LT") -> LT | Y28: =VLOOKUP(RIGHT(L28,1),Sheet4!F:G,2,FALSE) -> Prime
A29: 5D15 | B29: PT. PUTRABANGUN CITRAMANDIRI | C29: X1B00AIA0110+60600 | D29: 1/2" | G29: 12,70 | H29: 1,10 | I29: 6.060,00mm | J29: 106 | K29: 202.142 | L29: 5260250F0A | N29: 0 | Q29: PT. PUTRABANGUN CITRAMANDIRI | R29: FAST | S29: PRIME | T29: 0 | V29: =VLOOKUP(MID(A29,2,1),Sheet4!A:B,2,FALSE) -> Gd.04 | W29: =IF(MID(C29,14,1)="A",RIGHT(C29,4)/1,IF(MID(C29,13,1)="+",RIGHT(C29,5)/10,IF(MID(C29,13,1)="-",RIGHT(C29,5)/1))) -> 6060 | X29: =IF(W29<3000,"St","LT") -> LT | Y29: =VLOOKUP(RIGHT(L29,1),Sheet4!F:G,2,FALSE) -> Prime
A30: 5C10 | B30: PT. GOLDEN AGIN NUSA | C30: X1B00AIA0120+52000 | D30: 1/2" | G30: 12,70 | H30: 1,20 | I30: 5.200,00mm | J30: 303 | K30: 536.31 | L30: 5261645F0A | N30: 0 | Q30: PT. GOLDEN AGIN NUSA | R30: FAST | S30: PRIME | T30: 0 | V30: =VLOOKUP(MID(A30,2,1),Sheet4!A:B,2,FALSE) -> Gd.03 | W30: =IF(MID(C30,14,1)="A",RIGHT(C30,4)/1,IF(MID(C30,13,1)="+",RIGHT(C30,5)/10,IF(MID(C30,13,1)="-",RIGHT(C30,5)/1))) -> 5200 | X30: =IF(W30<3000,"St","LT") -> LT | Y30: =VLOOKUP(RIGHT(L30,1),Sheet4!F:G,2,FALSE) -> Prime
A31: 5C03 | B31: PT. SETIA GUNA SELARAS | C31: X1B00AIA0120+57500 | D31: 1/2" | G31: 12,70 | H31: 1,20 | I31: 5.750,00mm | J31: 26 | K31: 50.882 | L31: 5261263F0A | N31: 0 | Q31: PT. SETIA GUNA SELARAS | R31: FAST | S31: PRIME | T31: 0 | V31: =VLOOKUP(MID(A31,2,1),Sheet4!A:B,2,FALSE) -> Gd.03 | W31: =IF(MID(C31,14,1)="A",RIGHT(C31,4)/1,IF(MID(C31,13,1)="+",RIGHT(C31,5)/10,IF(MID(C31,13,1)="-",RIGHT(C31,5)/1))) -> 5750 | X31: =IF(W31<3000,"St","LT") -> LT | Y31: =VLOOKUP(RIGHT(L31,1),Sheet4!F:G,2,FALSE) -> Prime
A32: 5C09 | B32: PT. SETIA GUNA SELARAS | C32: X1B00AIA0120+57500 | D32: 1/2" | G32: 12,70 | H32: 1,20 | I32: 5.750,00mm | J32: 55 | K32: 107.635 | L32: 5261258F0A | N32: 0 | Q32: PT. SETIA GUNA SELARAS | R32: FAST | S32: PRIME | T32: 0 | V32: =VLOOKUP(MID(A32,2,1),Sheet4!A:B,2,FALSE) -> Gd.03 | W32: =IF(MID(C32,14,1)="A",RIGHT(C32,4)/1,IF(MID(C32,13,1)="+",RIGHT(C32,5)/10,IF(MID(C32,13,1)="-",RIGHT(C32,5)/1))) -> 5750 | X32: =IF(W32<3000,"St","LT") -> LT | Y32: =VLOOKUP(RIGHT(L32,1),Sheet4!F:G,2,FALSE) -> Prime
A33: 5C09 | B33: PT. SETIA GUNA SELARAS | C33: X1B00AIA0120+57500 | D33: 1/2" | G33: 12,70 | H33: 1,20 | I33: 5.750,00mm | J33: 276 | K33: 540.132 | L33: 5261264F0A | N33: 0 | Q33: PT. SETIA GUNA SELARAS | R33: FAST | S33: PRIME | T33: 0 | V33: =VLOOKUP(MID(A33,2,1),Sheet4!A:B,2,FALSE) -> Gd.03 | W33: =IF(MID(C33,14,1)="A",RIGHT(C33,4)/1,IF(MID(C33,13,1)="+",RIGHT(C33,5)/10,IF(MID(C33,13,1)="-",RIGHT(C33,5)/1))) -> 5750 | X33: =IF(W33<3000,"St","LT") -> LT | Y33: =VLOOKUP(RIGHT(L33,1),Sheet4!F:G,2,FALSE) -> Prime
A34: 5C09 | B34: PT. SETIA GUNA SELARAS | C34: X1B00AIA0120+57500 | D34: 1/2" | G34: 12,70 | H34: 1,20 | I34: 5.750,00mm | J34: 418 | K34: 818.026 | L34: 5261614F0A | N34: 0 | Q34: PT. SETIA GUNA SELARAS | R34: FAST | S34: PRIME | T34: 0 | V34: =VLOOKUP(MID(A34,2,1),Sheet4!A:B,2,FALSE) -> Gd.03 | W34: =IF(MID(C34,14,1)="A",RIGHT(C34,4)/1,IF(MID(C34,13,1)="+",RIGHT(C34,5)/10,IF(MID(C34,13,1)="-",RIGHT(C34,5)/1))) -> 5750 | X34: =IF(W34<3000,"St","LT") -> LT | Y34: =VLOOKUP(RIGHT(L34,1),Sheet4!F:G,2,FALSE) -> Prime
A35: 5C09 | B35: PT. SETIA GUNA SELARAS | C35: X1B00AIA0120+57500 | D35: 1/2" | G35: 12,70 | H35: 1,20 | I35: 5.750,00mm | J35: 53 | K35: 103.721 | L35: 5261664F0A | N35: 0 | Q35: PT. SETIA GUNA SELARAS | R35: FAST | S35: PRIME | T35: 0 | V35: =VLOOKUP(MID(A35,2,1),Sheet4!A:B,2,FALSE) -> Gd.03 | W35: =IF(MID(C35,14,1)="A",RIGHT(C35,4)/1,IF(MID(C35,13,1)="+",RIGHT(C35,5)/10,IF(MID(C35,13,1)="-",RIGHT(C35,5)/1))) -> 5750 | X35: =IF(W35<3000,"St","LT") -> LT | Y35: =VLOOKUP(RIGHT(L35,1),Sheet4!F:G,2,FALSE) -> Prime
A36: 5D14 | B36: PT. CITRA ROBIN SARANA | C36: X1B00AIA0120+60600 | D36: 1/2" | G36: 12,70 | H36: 1,20 | I36: 6.060,00mm | J36: 234 | K36: 482.508 | L36: 5260750F0A | N36: 0 | Q36: PT. CITRA ROBIN SARANA | R36: FAST | S36: PRIME | T36: 0 | V36: =VLOOKUP(MID(A36,2,1),Sheet4!A:B,2,FALSE) -> Gd.04 | W36: =IF(MID(C36,14,1)="A",RIGHT(C36,4)/1,IF(MID(C36,13,1)="+",RIGHT(C36,5)/10,IF(MID(C36,13,1)="-",RIGHT(C36,5)/1))) -> 6060 | X36: =IF(W36<3000,"St","LT") -> LT | Y36: =VLOOKUP(RIGHT(L36,1),Sheet4!F:G,2,FALSE) -> Prime
A37: 5C10 | B37: PT. SETIA GUNA SEJATI | C37: X1B00AIA0150+30000 | D37: 1/2" | G37: 12,70 | H37: 1,50 | I37: 3.000,00mm | J37: 1302 | K37: 1618.386 | L37: 5261823F0A | N37: 0 | Q37: PT. SETIA GUNA SEJATI | R37: FAST | S37: PRIME | T37: 0 | V37: =VLOOKUP(MID(A37,2,1),Sheet4!A:B,2,FALSE) -> Gd.03 | W37: =IF(MID(C37,14,1)="A",RIGHT(C37,4)/1,IF(MID(C37,13,1)="+",RIGHT(C37,5)/10,IF(MID(C37,13,1)="-",RIGHT(C37,5)/1))) -> 3000 | X37: =IF(W37<3000,"St","LT") -> LT | Y37: =VLOOKUP(RIGHT(L37,1),Sheet4!F:G,2,FALSE) -> Prime
A38: 5D10 | B38: PT. SETIA GUNA SEJATI | C38: X1B00AIA0150+62300 | D38: 1/2" | G38: 12,70 | H38: 1,50 | I38: 6.230,00mm | J38: 212 | K38: 547.172 | L38: 5261816F0A | N38: 0 | Q38: PT. SETIA GUNA SEJATI | R38: FAST | S38: PRIME | T38: 0 | V38: =VLOOKUP(MID(A38,2,1),Sheet4!A:B,2,FALSE) -> Gd.04 | W38: =IF(MID(C38,14,1)="A",RIGHT(C38,4)/1,IF(MID(C38,13,1)="+",RIGHT(C38,5)/10,IF(MID(C38,13,1)="-",RIGHT(C38,5)/1))) -> 6230 | X38: =IF(W38<3000,"St","LT") -> LT | Y38: =VLOOKUP(RIGHT(L38,1),Sheet4!F:G,2,FALSE) -> Prime
... A40: 5D12 | B40: PT. SETIA GUNA SEJATI | C40: X1B00AIA0150+62300 | D40: 1/2" | G40: 12,70 | H40: 1,50 | I40: 6.230,00mm | J40: 52 | K40: 134.212 | L40: 5261815F0A | N40: 0 | Q40: PT. SETIA GUNA SEJATI | R40: FAST | S40: PRIME | T40: 0 | V40: =VLOOKUP(MID(A40,2,1),Sheet4!A:B,2,FALSE) -> Gd.04 | W40: =IF(MID(C40,14,1)="A",RIGHT(C40,4)/1,IF(MID(C40,13,1)="+",RIGHT(C40,5)/10,IF(MID(C40,13,1)="-",RIGHT(C40,5)/1))) -> 6230 | X40: =IF(W40<3000,"St","LT") -> LT | Y40: =VLOOKUP(RIGHT(L40,1),Sheet4!F:G,2,FALSE) -> Prime
A41: 5B09 | B41: PT. DELA CEMARA INDAH | C41: X1B00AIL0150+42180 | G41: 13,80 | H41: 1,50 | I41: 4.218,00mm | J41: 34 | K41: 65.246 | L41: 5261083B0A | N41: 0 | Q41: PT. DELA CEMARA INDAH | R41: FAST | S41: PRIME | T41: 0 | V41: =VLOOKUP(MID(A41,2,1),Sheet4!A:B,2,FALSE) -> Gd.02 | W41: =IF(MID(C41,14,1)="A",RIGHT(C41,4)/1,IF(MID(C41,13,1)="+",RIGHT(C41,5)/10,IF(MID(C41,13,1)="-",RIGHT(C41,5)/1))) -> 4218 | X41: =IF(W41<3000,"St","LT") -> LT | Y41: =VLOOKUP(RIGHT(L41,1),Sheet4!F:G,2,FALSE) -> Prime
A42: 5C08 | B42: PT. DELA CEMARA INDAH | C42: X1B00AIL0150+44200 | G42: 13,80 | H42: 1,50 | I42: 4.420,00mm | J42: 34 | K42: 68.374 | L42: 5250433B0A | N42: 0 | Q42: PT. DELA CEMARA INDAH | R42: FAST | S42: PRIME | T42: 0 | V42: =VLOOKUP(MID(A42,2,1),Sheet4!A:B,2,FALSE) -> Gd.03 | W42: =IF(MID(C42,14,1)="A",RIGHT(C42,4)/1,IF(MID(C42,13,1)="+",RIGHT(C42,5)/10,IF(MID(C42,13,1)="-",RIGHT(C42,5)/1))) -> 4420 | X42: =IF(W42<3000,"St","LT") -> LT | Y42: =VLOOKUP(RIGHT(L42,1),Sheet4!F:G,2,FALSE) -> Prime
A43: 5D19 | B43: PT. RINNAI INDONESIA | C43: X1B00AIL0190+58500 | G43: 13,80 | H43: 1,90 | I43: 5.850,00mm | J43: 172 | K43: 561.064 | L43: 5260741B0A | N43: 0 | Q43: PT. RINNAI INDONESIA | R43: FAST | S43: PRIME | T43: 0 | V43: =VLOOKUP(MID(A43,2,1),Sheet4!A:B,2,FALSE) -> Gd.04 | W43: =IF(MID(C43,14,1)="A",RIGHT(C43,4)/1,IF(MID(C43,13,1)="+",RIGHT(C43,5)/10,IF(MID(C43,13,1)="-",RIGHT(C43,5)/1))) -> 5850 | X43: =IF(W43<3000,"St","LT") -> LT | Y43: =VLOOKUP(RIGHT(L43,1),Sheet4!F:G,2,FALSE) -> Prime
A44: 5D19 | B44: PT. RINNAI INDONESIA | C44: X1B00AIL0190+58500 | G44: 13,80 | H44: 1,90 | I44: 5.850,00mm | J44: 70 | K44: 228.34 | L44: 5261065B0A | N44: 0 | Q44: PT. RINNAI INDONESIA | R44: FAST | S44: PRIME | T44: 0 | V44: =VLOOKUP(MID(A44,2,1),Sheet4!A:B,2,FALSE) -> Gd.04 | W44: =IF(MID(C44,14,1)="A",RIGHT(C44,4)/1,IF(MID(C44,13,1)="+",RIGHT(C44,5)/10,IF(MID(C44,13,1)="-",RIGHT(C44,5)/1))) -> 5850 | X44: =IF(W44<3000,"St","LT") -> LT | Y44: =VLOOKUP(RIGHT(L44,1),Sheet4!F:G,2,FALSE) -> Prime
A45: 5D12 | B45: TRAIL KBU | C45: X1B00AIL0220+60000 | G45: 13,80 | H45: 2,20 | I45: 6.000,00mm | J45: 141 | K45: 532.416 | L45: 5250467B0A | N45: 0 | Q45: TRAIL KBU | R45: FAST | S45: PRIME | T45: 0 | V45: =VLOOKUP(MID(A45,2,1),Sheet4!A:B,2,FALSE) -> Gd.04 | W45: =IF(MID(C45,14,1)="A",RIGHT(C45,4)/1,IF(MID(C45,13,1)="+",RIGHT(C45,5)/10,IF(MID(C45,13,1)="-",RIGHT(C45,5)/1))) -> 6000 | X45: =IF(W45<3000,"St","LT") -> LT | Y45: =VLOOKUP(RIGHT(L45,1),Sheet4!F:G,2,FALSE) -> Prime
A46: 5B04 | C46: X1B00AIN0040+57000 | G46: 14,00 | H46: 0,40 | I46: 5.700,00mm | J46: 124 | K46: 94.86 | L46: 5251222B0A | N46: 0 | R46: FAST | S46: PRIME | T46: 0 | V46: =VLOOKUP(MID(A46,2,1),Sheet4!A:B,2,FALSE) -> Gd.02 | W46: =IF(MID(C46,14,1)="A",RIGHT(C46,4)/1,IF(MID(C46,13,1)="+",RIGHT(C46,5)/10,IF(MID(C46,13,1)="-",RIGHT(C46,5)/1))) -> 5700 | X46: =IF(W46<3000,"St","LT") -> LT | Y46: =VLOOKUP(RIGHT(L46,1),Sheet4!F:G,2,FALSE) -> Prime
A47: 5B04 | C47: X1B00AIN0040+59600 | G47: 14,00 | H47: 0,40 | I47: 5.960,00mm | J47: 83 | K47: 66.4 | L47: 5251222B0A | N47: 0 | R47: FAST | S47: PRIME | T47: 0 | V47: =VLOOKUP(MID(A47,2,1),Sheet4!A:B,2,FALSE) -> Gd.02 | W47: =IF(MID(C47,14,1)="A",RIGHT(C47,4)/1,IF(MID(C47,13,1)="+",RIGHT(C47,5)/10,IF(MID(C47,13,1)="-",RIGHT(C47,5)/1))) -> 5960 | X47: =IF(W47<3000,"St","LT") -> LT | Y47: =VLOOKUP(RIGHT(L47,1),Sheet4!F:G,2,FALSE) -> Prime
A48: 5B07 | B48: PT. SETIA GUNA SELARAS | C48: X1B00AIN0150+60000 | G48: 14,00 | H48: 1,50 | I48: 6.000,00mm | J48: 154 | K48: 427.196 | L48: 5261820B0A | N48: 0 | Q48: PT. SETIA GUNA SELARAS | R48: FAST | S48: PRIME | T48: 0 | V48: =VLOOKUP(MID(A48,2,1),Sheet4!A:B,2,FALSE) -> Gd.02 | W48: =IF(MID(C48,14,1)="A",RIGHT(C48,4)/1,IF(MID(C48,13,1)="+",RIGHT(C48,5)/10,IF(MID(C48,13,1)="-",RIGHT(C48,5)/1))) -> 6000 | X48: =IF(W48<3000,"St","LT") -> LT | Y48: =VLOOKUP(RIGHT(L48,1),Sheet4!F:G,2,FALSE) -> Prime
A49: 5B09 | B49: PT. SETIA GUNA SELARAS | C49: X1B00AIN0150+60000 | G49: 14,00 | H49: 1,50 | I49: 6.000,00mm | J49: 452 | K49: 1253.848 | L49: 5261693B0A | N49: 0 | Q49: PT. SETIA GUNA SELARAS | R49: FAST | S49: PRIME | T49: 0 | V49: =VLOOKUP(MID(A49,2,1),Sheet4!A:B,2,FALSE) -> Gd.02 | W49: =IF(MID(C49,14,1)="A",RIGHT(C49,4)/1,IF(MID(C49,13,1)="+",RIGHT(C49,5)/10,IF(MID(C49,13,1)="-",RIGHT(C49,5)/1))) -> 6000 | X49: =IF(W49<3000,"St","LT") -> LT | Y49: =VLOOKUP(RIGHT(L49,1),Sheet4!F:G,2,FALSE) -> Prime
A50: 5B10 | B50: PT. SETIA GUNA SELARAS | C50: X1B00AIN0150+60000 | G50: 14,00 | H50: 1,50 | I50: 6.000,00mm | J50: 28 | K50: 77.672 | L50: 5261820B0A | N50: 0 | Q50: PT. SETIA GUNA SELARAS | R50: FAST | S50: PRIME | T50: 0 | V50: =VLOOKUP(MID(A50,2,1),Sheet4!A:B,2,FALSE) -> Gd.02 | W50: =IF(MID(C50,14,1)="A",RIGHT(C50,4)/1,IF(MID(C50,13,1)="+",RIGHT(C50,5)/10,IF(MID(C50,13,1)="-",RIGHT(C50,5)/1))) -> 6000 | X50: =IF(W50<3000,"St","LT") -> LT | Y50: =VLOOKUP(RIGHT(L50,1),Sheet4!F:G,2,FALSE) -> Prime
A51: 5B09 | C51: X1B00AKA0070+60000 | D51: 5/8" | G51: 15,90 | H51: 0,70 | I51: 6.000,00mm | J51: 13 | K51: 20.462 | L51: 6260226B0C | N51: 0 | P51: 94/NCR-SKF/IV/2026 KARAT | R51: FAST | S51: NON PRIME | T51: 0 | V51: =VLOOKUP(MID(A51,2,1),Sheet4!A:B,2,FALSE) -> Gd.02 | W51: =IF(MID(C51,14,1)="A",RIGHT(C51,4)/1,IF(MID(C51,13,1)="+",RIGHT(C51,5)/10,IF(MID(C51,13,1)="-",RIGHT(C51,5)/1))) -> 6000 | X51: =IF(W51<3000,"St","LT") -> LT | Y51: =VLOOKUP(RIGHT(L51,1),Sheet4!F:G,2,FALSE) -> Grd C
A52: 5C06 | B52: PT. ASTEMO BEKASI MANUFACTURING | C52: X1B00AKA0080+41800 | D52: 5/8" | G52: 15,90 | H52: 0,80 | I52: 4.180,00mm | J52: 869 | K52: 1081.905 | L52: 5261198F0A | N52: 0 | Q52: PT. ASTEMO BEKASI MANUFACTURING | R52: FAST | S52: PRIME | T52: 0 | V52: =VLOOKUP(MID(A52,2,1),Sheet4!A:B,2,FALSE) -> Gd.03 | W52: =IF(MID(C52,14,1)="A",RIGHT(C52,4)/1,IF(MID(C52,13,1)="+",RIGHT(C52,5)/10,IF(MID(C52,13,1)="-",RIGHT(C52,5)/1))) -> 4180 | X52: =IF(W52<3000,"St","LT") -> LT | Y52: =VLOOKUP(RIGHT(L52,1),Sheet4!F:G,2,FALSE) -> Prime
A53: 5C08 | B53: PT. ASTEMO BEKASI MANUFACTURING | C53: X1B00AKA0080+41800 | D53: 5/8" | G53: 15,90 | H53: 0,80 | I53: 4.180,00mm | J53: 14 | K53: 17.43 | L53: 5260525F0A | N53: 0 | Q53: PT. ASTEMO BEKASI MANUFACTURING | R53: FAST | S53: PRIME | T53: 0 | V53: =VLOOKUP(MID(A53,2,1),Sheet4!A:B,2,FALSE) -> Gd.03 | W53: =IF(MID(C53,14,1)="A",RIGHT(C53,4)/1,IF(MID(C53,13,1)="+",RIGHT(C53,5)/10,IF(MID(C53,13,1)="-",RIGHT(C53,5)/1))) -> 4180 | X53: =IF(W53<3000,"St","LT") -> LT | Y53: =VLOOKUP(RIGHT(L53,1),Sheet4!F:G,2,FALSE) -> Prime
A54: 5C09 | B54: PT. ASTEMO BEKASI MANUFACTURING | C54: X1B00AKA0080+41800 | D54: 5/8" | G54: 15,90 | H54: 0,80 | I54: 4.180,00mm | J54: 250 | K54: 311.25 | L54: 5260525F0A | N54: 0 | Q54: PT. ASTEMO BEKASI MANUFACTURING | R54: FAST | S54: PRIME | T54: 0 | V54: =VLOOKUP(MID(A54,2,1),Sheet4!A:B,2,FALSE) -> Gd.03 | W54: =IF(MID(C54,14,1)="A",RIGHT(C54,4)/1,IF(MID(C54,13,1)="+",RIGHT(C54,5)/10,IF(MID(C54,13,1)="-",RIGHT(C54,5)/1))) -> 4180 | X54: =IF(W54<3000,"St","LT") -> LT | Y54: =VLOOKUP(RIGHT(L54,1),Sheet4!F:G,2,FALSE) -> Prime
A55: 5C10 | B55: PT. ASTEMO BEKASI MANUFACTURING | C55: X1B00AKA0080+41800 | D55: 5/8" | G55: 15,90 | H55: 0,80 | I55: 4.180,00mm | J55: 3 | K55: 3.735 | L55: 5261119F0A | N55: 0 | Q55: PT. ASTEMO BEKASI MANUFACTURING | R55: FAST | S55: PRIME | T55: 0 | V55: =VLOOKUP(MID(A55,2,1),Sheet4!A:B,2,FALSE) -> Gd.03 | W55: =IF(MID(C55,14,1)="A",RIGHT(C55,4)/1,IF(MID(C55,13,1)="+",RIGHT(C55,5)/10,IF(MID(C55,13,1)="-",RIGHT(C55,5)/1))) -> 4180 | X55: =IF(W55<3000,"St","LT") -> LT | Y55: =VLOOKUP(RIGHT(L55,1),Sheet4!F:G,2,FALSE) -> Prime
A56: 5D05 | B56: PT. RINNAI INDONESIA | C56: X1B00AKA0100+60200 | D56: 5/8" | G56: 15,90 | H56: 1,00 | I56: 6.020,00mm | J56: 254 | K56: 561.848 | L56: 5261679F0A | N56: 0 | Q56: PT. RINNAI INDONESIA | R56: FAST | S56: PRIME | T56: 0 | V56: =VLOOKUP(MID(A56,2,1),Sheet4!A:B,2,FALSE) -> Gd.04 | W56: =IF(MID(C56,14,1)="A",RIGHT(C56,4)/1,IF(MID(C56,13,1)="+",RIGHT(C56,5)/10,IF(MID(C56,13,1)="-",RIGHT(C56,5)/1))) -> 6020 | X56: =IF(W56<3000,"St","LT") -> LT | Y56: =VLOOKUP(RIGHT(L56,1),Sheet4!F:G,2,FALSE) -> Prime
A57: 5D05 | B57: PT. RINNAI INDONESIA | C57: X1B00AKA0100+60200 | D57: 5/8" | G57: 15,90 | H57: 1,00 | I57: 6.020,00mm | J57: 161 | K57: 356.132 | L57: 5261682F0A | N57: 0 | Q57: PT. RINNAI INDONESIA | R57: FAST | S57: PRIME | T57: 0 | V57: =VLOOKUP(MID(A57,2,1),Sheet4!A:B,2,FALSE) -> Gd.04 | W57: =IF(MID(C57,14,1)="A",RIGHT(C57,4)/1,IF(MID(C57,13,1)="+",RIGHT(C57,5)/10,IF(MID(C57,13,1)="-",RIGHT(C57,5)/1))) -> 6020 | X57: =IF(W57<3000,"St","LT") -> LT | Y57: =VLOOKUP(RIGHT(L57,1),Sheet4!F:G,2,FALSE) -> Prime
A58: 5D15 | B58: PT. RINNAI INDONESIA | C58: X1B00AKA0100+60200 | D58: 5/8" | G58: 15,90 | H58: 1,00 | I58: 6.020,00mm | J58: 84 | K58: 185.808 | L58: 5261679B0A | N58: 0 | Q58: PT. RINNAI INDONESIA | R58: FAST | S58: PRIME | T58: 0 | V58: =VLOOKUP(MID(A58,2,1),Sheet4!A:B,2,FALSE) -> Gd.04 | W58: =IF(MID(C58,14,1)="A",RIGHT(C58,4)/1,IF(MID(C58,13,1)="+",RIGHT(C58,5)/10,IF(MID(C58,13,1)="-",RIGHT(C58,5)/1))) -> 6020 | X58: =IF(W58<3000,"St","LT") -> LT | Y58: =VLOOKUP(RIGHT(L58,1),Sheet4!F:G,2,FALSE) -> Prime
A59: 5B05 | C59: X1B00AKA0100+61700 | D59: 5/8" | G59: 15,90 | H59: 1,00 | I59: 6.170,00mm | J59: 33 | K59: 74.811 | L59: 5250646C0C | N59: 0 | P59: 246/NCR-SKF/X/2025/KARAT LD | R59: FAST | S59: NON PRIME | T59: 0 | V59: =VLOOKUP(MID(A59,2,1),Sheet4!A:B,2,FALSE) -> Gd.02 | W59: =IF(MID(C59,14,1)="A",RIGHT(C59,4)/1,IF(MID(C59,13,1)="+",RIGHT(C59,5)/10,IF(MID(C59,13,1)="-",RIGHT(C59,5)/1))) -> 6170 | X59: =IF(W59<3000,"St","LT") -> LT | Y59: =VLOOKUP(RIGHT(L59,1),Sheet4!F:G,2,FALSE) -> Grd C
A60: 5D13 | C60: X1B00AKA0100+61700 | D60: 5/8" | G60: 15,90 | H60: 1,00 | I60: 6.170,00mm | J60: 169 | K60: 383.123 | L60: 5250647B0C | N60: 0 | P60: 261/XI/2025 KARAT LUAR + DALAM | R60: FAST | S60: NON PRIME | T60: 0 | V60: =VLOOKUP(MID(A60,2,1),Sheet4!A:B,2,FALSE) -> Gd.04 | W60: =IF(MID(C60,14,1)="A",RIGHT(C60,4)/1,IF(MID(C60,13,1)="+",RIGHT(C60,5)/10,IF(MID(C60,13,1)="-",RIGHT(C60,5)/1))) -> 6170 | X60: =IF(W60<3000,"St","LT") -> LT | Y60: =VLOOKUP(RIGHT(L60,1),Sheet4!F:G,2,FALSE) -> Grd C
A61: 5B09 | B61: PT. CHANDRA NUGERAH CEMERLANG | C61: X1B00AKA0100+61700 | D61: 5/8" | G61: 15,90 | H61: 1,00 | I61: 6.170,00mm | J61: 118 | K61: 267.506 | L61: 5252335B0A | N61: 0 | Q61: PT. CHANDRA NUGERAH CEMERLANG | R61: FAST | S61: PRIME | T61: 0 | V61: =VLOOKUP(MID(A61,2,1),Sheet4!A:B,2,FALSE) -> Gd.02 | W61: =IF(MID(C61,14,1)="A",RIGHT(C61,4)/1,IF(MID(C61,13,1)="+",RIGHT(C61,5)/10,IF(MID(C61,13,1)="-",RIGHT(C61,5)/1))) -> 6170 | X61: =IF(W61<3000,"St","LT") -> LT | Y61: =VLOOKUP(RIGHT(L61,1),Sheet4!F:G,2,FALSE) -> Prime
A62: 5C09 | B62: PT. CHANDRA NUGERAH CEMERLANG | C62: X1B00AKA0100+61700 | D62: 5/8" | G62: 15,90 | H62: 1,00 | I62: 6.170,00mm | J62: 14 | K62: 31.738 | L62: 5261300F0A | N62: 0 | Q62: PT. CHANDRA NUGERAH CEMERLANG | R62: FAST | S62: PRIME | T62: 0 | V62: =VLOOKUP(MID(A62,2,1),Sheet4!A:B,2,FALSE) -> Gd.03 | W62: =IF(MID(C62,14,1)="A",RIGHT(C62,4)/1,IF(MID(C62,13,1)="+",RIGHT(C62,5)/10,IF(MID(C62,13,1)="-",RIGHT(C62,5)/1))) -> 6170 | X62: =IF(W62<3000,"St","LT") -> LT | Y62: =VLOOKUP(RIGHT(L62,1),Sheet4!F:G,2,FALSE) -> Prime
A63: 5D13 | C63: X1B00AKA0100+62800 | D63: 5/8" | G63: 15,90 | H63: 1,00 | I63: 6.280,00mm | J63: 43 | K63: 99.201 | L63: 5241750F0C | N63: 0 | P63: 143/NCR-SKF/VI/2026 SWEEPING QC | R63: FAST | S63: NON PRIME | T63: 0 | V63: =VLOOKUP(MID(A63,2,1),Sheet4!A:B,2,FALSE) -> Gd.04 | W63: =IF(MID(C63,14,1)="A",RIGHT(C63,4)/1,IF(MID(C63,13,1)="+",RIGHT(C63,5)/10,IF(MID(C63,13,1)="-",RIGHT(C63,5)/1))) -> 6280 | X63: =IF(W63<3000,"St","LT") -> LT | Y63: =VLOOKUP(RIGHT(L63,1),Sheet4!F:G,2,FALSE) -> Grd C
A64: 5D13 | C64: X1B00AKA0100+62800 | D64: 5/8" | G64: 15,90 | H64: 1,00 | I64: 6.280,00mm | J64: 56 | K64: 129.192 | L64: 5242476F0C | N64: 0 | P64: 143/NCR-SKF/VI/2026 SWEEPING QC | R64: FAST | S64: NON PRIME | T64: 0 | V64: =VLOOKUP(MID(A64,2,1),Sheet4!A:B,2,FALSE) -> Gd.04 | W64: =IF(MID(C64,14,1)="A",RIGHT(C64,4)/1,IF(MID(C64,13,1)="+",RIGHT(C64,5)/10,IF(MID(C64,13,1)="-",RIGHT(C64,5)/1))) -> 6280 | X64: =IF(W64<3000,"St","LT") -> LT | Y64: =VLOOKUP(RIGHT(L64,1),Sheet4!F:G,2,FALSE) -> Grd C
A65: 5B04 | C65: X1B00AKA0110+60200 | D65: 5/8" | G65: 15,90 | H65: 1,10 | I65: 6.020,00mm | J65: 37 | K65: 89.429 | L65: 50725STOC | N65: 0 | P65: REC TF BATCH SESAMA GD 2 | R65: FAST | S65: NON PRIME | T65: 0 | V65: =VLOOKUP(MID(A65,2,1),Sheet4!A:B,2,FALSE) -> Gd.02 | W65: =IF(MID(C65,14,1)="A",RIGHT(C65,4)/1,IF(MID(C65,13,1)="+",RIGHT(C65,5)/10,IF(MID(C65,13,1)="-",RIGHT(C65,5)/1))) -> 6020 | X65: =IF(W65<3000,"St","LT") -> LT | Y65: =VLOOKUP(RIGHT(L65,1),Sheet4!F:G,2,FALSE) -> Grd C
A66: 5D12 | C66: X1B00AKA0110+60800 | D66: 5/8" | G66: 15,90 | H66: 1,10 | I66: 6.080,00mm | J66: 145 | K66: 353.945 | L66: 5242455C0C | N66: 0 | P66: 261/XI/2025 KARAT LUAR + DALAM | R66: FAST | S66: NON PRIME | T66: 0 | V66: =VLOOKUP(MID(A66,2,1),Sheet4!A:B,2,FALSE) -> Gd.04 | W66: =IF(MID(C66,14,1)="A",RIGHT(C66,4)/1,IF(MID(C66,13,1)="+",RIGHT(C66,5)/10,IF(MID(C66,13,1)="-",RIGHT(C66,5)/1))) -> 6080 | X66: =IF(W66<3000,"St","LT") -> LT | Y66: =VLOOKUP(RIGHT(L66,1),Sheet4!F:G,2,FALSE) -> Grd C
A67: 5D12 | B67: PT. PUTRABANGUN CITRAMANDIRI | C67: X1B00AKA0110+60800 | D67: 5/8" | G67: 15,90 | H67: 1,10 | I67: 6.080,00mm | J67: 127 | K67: 310.007 | L67: 5260464F0A | N67: 0 | Q67: PT. PUTRABANGUN CITRAMANDIRI | R67: FAST | S67: PRIME | T67: 0 | V67: =VLOOKUP(MID(A67,2,1),Sheet4!A:B,2,FALSE) -> Gd.04 | W67: =IF(MID(C67,14,1)="A",RIGHT(C67,4)/1,IF(MID(C67,13,1)="+",RIGHT(C67,5)/10,IF(MID(C67,13,1)="-",RIGHT(C67,5)/1))) -> 6080 | X67: =IF(W67<3000,"St","LT") -> LT | Y67: =VLOOKUP(RIGHT(L67,1),Sheet4!F:G,2,FALSE) -> Prime
A68: 5D13 | B68: PT. PUTRABANGUN CITRAMANDIRI | C68: X1B00AKA0110+60800 | D68: 5/8" | G68: 15,90 | H68: 1,10 | I68: 6.080,00mm | J68: 129 | K68: 314.889 | L68: 5260687F0A | N68: 0 | Q68: PT. PUTRABANGUN CITRAMANDIRI | R68: FAST | S68: PRIME | T68: 0 | V68: =VLOOKUP(MID(A68,2,1),Sheet4!A:B,2,FALSE) -> Gd.04 | W68: =IF(MID(C68,14,1)="A",RIGHT(C68,4)/1,IF(MID(C68,13,1)="+",RIGHT(C68,5)/10,IF(MID(C68,13,1)="-",RIGHT(C68,5)/1))) -> 6080 | X68: =IF(W68<3000,"St","LT") -> LT | Y68: =VLOOKUP(RIGHT(L68,1),Sheet4!F:G,2,FALSE) -> Prime
A69: 5D08 | B69: PT. DAYA PRESINDO UTAMA | C69: X1B00AKA0120+62200 | D69: 5/8" | G69: 15,90 | H69: 1,20 | I69: 6.220,00mm | J69: 154 | K69: 416.724 | L69: 5261258F0A | N69: 0 | Q69: PT. DAYA PRESINDO UTAMA | R69: FAST | S69: PRIME | T69: 0 | V69: =VLOOKUP(MID(A69,2,1),Sheet4!A:B,2,FALSE) -> Gd.04 | W69: =IF(MID(C69,14,1)="A",RIGHT(C69,4)/1,IF(MID(C69,13,1)="+",RIGHT(C69,5)/10,IF(MID(C69,13,1)="-",RIGHT(C69,5)/1))) -> 6220 | X69: =IF(W69<3000,"St","LT") -> LT | Y69: =VLOOKUP(RIGHT(L69,1),Sheet4!F:G,2,FALSE) -> Prime
A70: 5D08 | B70: PT. DAYA PRESINDO UTAMA | C70: X1B00AKA0120+62200 | D70: 5/8" | G70: 15,90 | H70: 1,20 | I70: 6.220,00mm | J70: 261 | K70: 706.266 | L70: 5261645F0A | N70: 0 | Q70: PT. DAYA PRESINDO UTAMA | R70: FAST | S70: PRIME | T70: 0 | V70: =VLOOKUP(MID(A70,2,1),Sheet4!A:B,2,FALSE) -> Gd.04 | W70: =IF(MID(C70,14,1)="A",RIGHT(C70,4)/1,IF(MID(C70,13,1)="+",RIGHT(C70,5)/10,IF(MID(C70,13,1)="-",RIGHT(C70,5)/1))) -> 6220 | X70: =IF(W70<3000,"St","LT") -> LT | Y70: =VLOOKUP(RIGHT(L70,1),Sheet4!F:G,2,FALSE) -> Prime
A71: 5D10 | B71: PT. DAYA PRESINDO UTAMA | C71: X1B00AKA0120+62200 | D71: 5/8" | G71: 15,90 | H71: 1,20 | I71: 6.220,00mm | J71: 112 | K71: 303.072 | L71: 5261258F0A | N71: 0 | Q71: PT. DAYA PRESINDO UTAMA | R71: FAST | S71: PRIME | T71: 0 | V71: =VLOOKUP(MID(A71,2,1),Sheet4!A:B,2,FALSE) -> Gd.04 | W71: =IF(MID(C71,14,1)="A",RIGHT(C71,4)/1,IF(MID(C71,13,1)="+",RIGHT(C71,5)/10,IF(MID(C71,13,1)="-",RIGHT(C71,5)/1))) -> 6220 | X71: =IF(W71<3000,"St","LT") -> LT | Y71: =VLOOKUP(RIGHT(L71,1),Sheet4!F:G,2,FALSE) -> Prime
A72: 5D12 | B72: PT. DAYA PRESINDO UTAMA | C72: X1B00AKA0120+62200 | D72: 5/8" | G72: 15,90 | H72: 1,20 | I72: 6.220,00mm | J72: 58 | K72: 156.948 | L72: 5261628F0A | N72: 0 | Q72: PT. DAYA PRESINDO UTAMA | R72: FAST | S72: PRIME | T72: 0 | V72: =VLOOKUP(MID(A72,2,1),Sheet4!A:B,2,FALSE) -> Gd.04 | W72: =IF(MID(C72,14,1)="A",RIGHT(C72,4)/1,IF(MID(C72,13,1)="+",RIGHT(C72,5)/10,IF(MID(C72,13,1)="-",RIGHT(C72,5)/1))) -> 6220 | X72: =IF(W72<3000,"St","LT") -> LT | Y72: =VLOOKUP(RIGHT(L72,1),Sheet4!F:G,2,FALSE) -> Prime
A73: 5D29 | B73: PT. PUTRABANGUN CITRAMANDIRI | C73: X1B00AKA0140+60800 | D73: 5/8" | G73: 15,90 | H73: 1,40 | I73: 6.080,00mm | J73: 19 | K73: 57.836 | L73: 5261076B0A | N73: 0 | Q73: PT. PUTRABANGUN CITRAMANDIRI | R73: FAST | S73: PRIME | T73: 0 | V73: =VLOOKUP(MID(A73,2,1),Sheet4!A:B,2,FALSE) -> Gd.04 | W73: =IF(MID(C73,14,1)="A",RIGHT(C73,4)/1,IF(MID(C73,13,1)="+",RIGHT(C73,5)/10,IF(MID(C73,13,1)="-",RIGHT(C73,5)/1))) -> 6080 | X73: =IF(W73<3000,"St","LT") -> LT | Y73: =VLOOKUP(RIGHT(L73,1),Sheet4!F:G,2,FALSE) -> Prime
A74: 5D12 | C74: X1B00AKA0140+62100 | D74: 5/8" | G74: 15,90 | H74: 1,40 | I74: 6.210,00mm | J74: 62 | K74: 192.758 | L74: 5241664F0C | N74: 0 | P74: 143/NCR-SKF/VI/2026 SWEEPING QC | R74: FAST | S74: NON PRIME | T74: 0 | V74: =VLOOKUP(MID(A74,2,1),Sheet4!A:B,2,FALSE) -> Gd.04 | W74: =IF(MID(C74,14,1)="A",RIGHT(C74,4)/1,IF(MID(C74,13,1)="+",RIGHT(C74,5)/10,IF(MID(C74,13,1)="-",RIGHT(C74,5)/1))) -> 6210 | X74: =IF(W74<3000,"St","LT") -> LT | Y74: =VLOOKUP(RIGHT(L74,1),Sheet4!F:G,2,FALSE) -> Grd C
A75: 5C09 | B75: PT. CHANDRA NUGERAHCIPTA | C75: X1B00AKA0140+62100 | D75: 5/8" | G75: 15,90 | H75: 1,40 | I75: 6.210,00mm | J75: 221 | K75: 687.089 | L75: 5261632F0A | N75: 0 | Q75: PT. CHANDRA NUGERAHCIPTA | R75: FAST | S75: PRIME | T75: 0 | V75: =VLOOKUP(MID(A75,2,1),Sheet4!A:B,2,FALSE) -> Gd.03 | W75: =IF(MID(C75,14,1)="A",RIGHT(C75,4)/1,IF(MID(C75,13,1)="+",RIGHT(C75,5)/10,IF(MID(C75,13,1)="-",RIGHT(C75,5)/1))) -> 6210 | X75: =IF(W75<3000,"St","LT") -> LT | Y75: =VLOOKUP(RIGHT(L75,1),Sheet4!F:G,2,FALSE) -> Prime
A76: 5D11 | B76: PT. INTI POLYMETAL | C76: X1B00AKA0140+63800 | D76: 5/8" | G76: 15,90 | H76: 1,40 | I76: 6.380,00mm | J76: 236 | K76: 753.784 | L76: 5242378B0A | N76: 0 | Q76: PT. INTI POLYMETAL | R76: FAST | S76: PRIME | T76: 0 | V76: =VLOOKUP(MID(A76,2,1),Sheet4!A:B,2,FALSE) -> Gd.04 | W76: =IF(MID(C76,14,1)="A",RIGHT(C76,4)/1,IF(MID(C76,13,1)="+",RIGHT(C76,5)/10,IF(MID(C76,13,1)="-",RIGHT(C76,5)/1))) -> 6380 | X76: =IF(W76<3000,"St","LT") -> LT | Y76: =VLOOKUP(RIGHT(L76,1),Sheet4!F:G,2,FALSE) -> Prime
A77: 5D11 | B77: PT. INTI POLYMETAL | C77: X1B00AKA0140+63800 | D77: 5/8" | G77: 15,90 | H77: 1,40 | I77: 6.380,00mm | J77: 234 | K77: 747.396 | L77: 5242379B0A | N77: 0 | Q77: PT. INTI POLYMETAL | R77: FAST | S77: PRIME | T77: 0 | V77: =VLOOKUP(MID(A77,2,1),Sheet4!A:B,2,FALSE) -> Gd.04 | W77: =IF(MID(C77,14,1)="A",RIGHT(C77,4)/1,IF(MID(C77,13,1)="+",RIGHT(C77,5)/10,IF(MID(C77,13,1)="-",RIGHT(C77,5)/1))) -> 6380 | X77: =IF(W77<3000,"St","LT") -> LT | Y77: =VLOOKUP(RIGHT(L77,1),Sheet4!F:G,2,FALSE) -> Prime
A78: 5C14 | B78: PT. SETIA GUNA SELARAS | C78: X1B00AKA0150+61000 | D78: 5/8" | G78: 15,90 | H78: 1,50 | I78: 6.100,00mm | J78: 628 | K78: 2040.372 | L78: 5262179F0A | N78: 0 | Q78: PT. SETIA GUNA SELARAS | R78: FAST | S78: PRIME | T78: 0 | V78: =VLOOKUP(MID(A78,2,1),Sheet4!A:B,2,FALSE) -> Gd.03 | W78: =IF(MID(C78,14,1)="A",RIGHT(C78,4)/1,IF(MID(C78,13,1)="+",RIGHT(C78,5)/10,IF(MID(C78,13,1)="-",RIGHT(C78,5)/1))) -> 6100 | X78: =IF(W78<3000,"St","LT") -> LT | Y78: =VLOOKUP(RIGHT(L78,1),Sheet4!F:G,2,FALSE) -> Prime
A79: 5D14 | B79: PT. SETIA GUNA SELARAS | C79: X1B00AKA0150+61000 | D79: 5/8" | G79: 15,90 | H79: 1,50 | I79: 6.100,00mm | J79: 189 | K79: 614.061 | L79: 5262884F0A | N79: 0 | Q79: PT. SETIA GUNA SELARAS | R79: FAST | S79: PRIME | T79: 0 | V79: =VLOOKUP(MID(A79,2,1),Sheet4!A:B,2,FALSE) -> Gd.04 | W79: =IF(MID(C79,14,1)="A",RIGHT(C79,4)/1,IF(MID(C79,13,1)="+",RIGHT(C79,5)/10,IF(MID(C79,13,1)="-",RIGHT(C79,5)/1))) -> 6100 | X79: =IF(W79<3000,"St","LT") -> LT | Y79: =VLOOKUP(RIGHT(L79,1),Sheet4!F:G,2,FALSE) -> Prime
A80: 5D29 | B80: PT. PUTRABANGUN CITRAMANDIRI | C80: X1B00AKA0190+60600 | D80: 5/8" | G80: 15,90 | H80: 1,90 | I80: 6.060,00mm | J80: 78 | K80: 310.05 | L80: 5262176B0A | N80: 0 | Q80: PT. PUTRABANGUN CITRAMANDIRI | R80: FAST | S80: PRIME | T80: 0 | V80: =VLOOKUP(MID(A80,2,1),Sheet4!A:B,2,FALSE) -> Gd.04 | W80: =IF(MID(C80,14,1)="A",RIGHT(C80,4)/1,IF(MID(C80,13,1)="+",RIGHT(C80,5)/10,IF(MID(C80,13,1)="-",RIGHT(C80,5)/1))) -> 6060 | X80: =IF(W80<3000,"St","LT") -> LT | Y80: =VLOOKUP(RIGHT(L80,1),Sheet4!F:G,2,FALSE) -> Prime
A81: 5D12 | B81: PT. INTI POLYMETAL | C81: X1B00AKA0190+62000 | D81: 5/8" | G81: 15,90 | H81: 1,90 | I81: 6.200,00mm | J81: 150 | K81: 610.05 | L81: 5261810B0A | N81: 0 | Q81: PT. INTI POLYMETAL | R81: FAST | S81: PRIME | T81: 0 | V81: =VLOOKUP(MID(A81,2,1),Sheet4!A:B,2,FALSE) -> Gd.04 | W81: =IF(MID(C81,14,1)="A",RIGHT(C81,4)/1,IF(MID(C81,13,1)="+",RIGHT(C81,5)/10,IF(MID(C81,13,1)="-",RIGHT(C81,5)/1))) -> 6200 | X81: =IF(W81<3000,"St","LT") -> LT | Y81: =VLOOKUP(RIGHT(L81,1),Sheet4!F:G,2,FALSE) -> Prime
A82: 5D14 | B82: PT. INTI POLYMETAL | C82: X1B00AKA0190+62000 | D82: 5/8" | G82: 15,90 | H82: 1,90 | I82: 6.200,00mm | J82: 175 | K82: 711.725 | L82: 5261810B0A | N82: 0 | Q82: PT. INTI POLYMETAL | R82: FAST | S82: PRIME | T82: 0 | V82: =VLOOKUP(MID(A82,2,1),Sheet4!A:B,2,FALSE) -> Gd.04 | W82: =IF(MID(C82,14,1)="A",RIGHT(C82,4)/1,IF(MID(C82,13,1)="+",RIGHT(C82,5)/10,IF(MID(C82,13,1)="-",RIGHT(C82,5)/1))) -> 6200 | X82: =IF(W82<3000,"St","LT") -> LT | Y82: =VLOOKUP(RIGHT(L82,1),Sheet4!F:G,2,FALSE) -> Prime
A83: 5B09 | C83: X1B00AKA0190+62300 | D83: 5/8" | G83: 15,90 | H83: 1,90 | I83: 6.230,00mm | J83: 14 | K83: 57.218 | L83: 5262933B0C | N83: 0 | P83: 132/NCR-SKF/IX/2026- REPAIR SORTIR | R83: FAST | S83: NON PRIME | T83: 0 | V83: =VLOOKUP(MID(A83,2,1),Sheet4!A:B,2,FALSE) -> Gd.02 | W83: =IF(MID(C83,14,1)="A",RIGHT(C83,4)/1,IF(MID(C83,13,1)="+",RIGHT(C83,5)/10,IF(MID(C83,13,1)="-",RIGHT(C83,5)/1))) -> 6230 | X83: =IF(W83<3000,"St","LT") -> LT | Y83: =VLOOKUP(RIGHT(L83,1),Sheet4!F:G,2,FALSE) -> Grd C
A84: 5D11 | B84: PT. CIPTA NISSIN INDUSTRIES | C84: X1B00AKA0190+62300 | D84: 5/8" | G84: 15,90 | H84: 1,90 | I84: 6.230,00mm | J84: 73 | K84: 298.351 | L84: 5262932B0A | N84: 0 | Q84: PT. CIPTA NISSIN INDUSTRIES | R84: FAST | S84: PRIME | T84: 0 | V84: =VLOOKUP(MID(A84,2,1),Sheet4!A:B,2,FALSE) -> Gd.04 | W84: =IF(MID(C84,14,1)="A",RIGHT(C84,4)/1,IF(MID(C84,13,1)="+",RIGHT(C84,5)/10,IF(MID(C84,13,1)="-",RIGHT(C84,5)/1))) -> 6230 | X84: =IF(W84<3000,"St","LT") -> LT | Y84: =VLOOKUP(RIGHT(L84,1),Sheet4!F:G,2,FALSE) -> Prime
A85: 5D11 | B85: PT. CIPTA NISSIN INDUSTRIES | C85: X1B00AKA0190+62300 | D85: 5/8" | G85: 15,90 | H85: 1,90 | I85: 6.230,00mm | J85: 152 | K85: 621.224 | L85: 5262933B0A | N85: 0 | Q85: PT. CIPTA NISSIN INDUSTRIES | R85: FAST | S85: PRIME | T85: 0 | V85: =VLOOKUP(MID(A85,2,1),Sheet4!A:B,2,FALSE) -> Gd.04 | W85: =IF(MID(C85,14,1)="A",RIGHT(C85,4)/1,IF(MID(C85,13,1)="+",RIGHT(C85,5)/10,IF(MID(C85,13,1)="-",RIGHT(C85,5)/1))) -> 6230 | X85: =IF(W85<3000,"St","LT") -> LT | Y85: =VLOOKUP(RIGHT(L85,1),Sheet4!F:G,2,FALSE) -> Prime
A86: 5D10 | B86: PT. DHARMA POLIMETAL TBK. | C86: X1B00AKO0120+54400 | G86: 17,30 | H86: 1,20 | I86: 5.440,00mm | J86: 349 | K86: 904.608 | L86: 5251317B0A | N86: 0 | Q86: PT. DHARMA POLIMETAL TBK. | R86: FAST | S86: PRIME | T86: 0 | V86: =VLOOKUP(MID(A86,2,1),Sheet4!A:B,2,FALSE) -> Gd.04 | W86: =IF(MID(C86,14,1)="A",RIGHT(C86,4)/1,IF(MID(C86,13,1)="+",RIGHT(C86,5)/10,IF(MID(C86,13,1)="-",RIGHT(C86,5)/1))) -> 5440 | X86: =IF(W86<3000,"St","LT") -> LT | Y86: =VLOOKUP(RIGHT(L86,1),Sheet4!F:G,2,FALSE) -> Prime
A87: 5D12 | B87: PT. DHARMA POLIMETAL TBK. | C87: X1B00AKO0120+54400 | G87: 17,30 | H87: 1,20 | I87: 5.440,00mm | J87: 240 | K87: 622.08 | L87: 5250609B0A | N87: 0 | Q87: PT. DHARMA POLIMETAL TBK. | R87: FAST | S87: PRIME | T87: 0 | V87: =VLOOKUP(MID(A87,2,1),Sheet4!A:B,2,FALSE) -> Gd.04 | W87: =IF(MID(C87,14,1)="A",RIGHT(C87,4)/1,IF(MID(C87,13,1)="+",RIGHT(C87,5)/10,IF(MID(C87,13,1)="-",RIGHT(C87,5)/1))) -> 5440 | X87: =IF(W87<3000,"St","LT") -> LT | Y87: =VLOOKUP(RIGHT(L87,1),Sheet4!F:G,2,FALSE) -> Prime
A88: 5D11 | B88: PT. INTI POLYMETAL | C88: X1B00AKO0120+61800 | G88: 17,30 | H88: 1,20 | I88: 6.180,00mm | J88: 244 | K88: 718.336 | L88: 5242900A0A | N88: 0 | Q88: PT. INTI POLYMETAL | R88: FAST | S88: PRIME | T88: 0 | V88: =VLOOKUP(MID(A88,2,1),Sheet4!A:B,2,FALSE) -> Gd.04 | W88: =IF(MID(C88,14,1)="A",RIGHT(C88,4)/1,IF(MID(C88,13,1)="+",RIGHT(C88,5)/10,IF(MID(C88,13,1)="-",RIGHT(C88,5)/1))) -> 6180 | X88: =IF(W88<3000,"St","LT") -> LT | Y88: =VLOOKUP(RIGHT(L88,1),Sheet4!F:G,2,FALSE) -> Prime
A89: 5D13 | B89: PT. INTI POLYMETAL | C89: X1B00AKO0120+61800 | G89: 17,30 | H89: 1,20 | I89: 6.180,00mm | J89: 235 | K89: 691.84 | L89: 5250413A0A | N89: 0 | Q89: PT. INTI POLYMETAL | R89: FAST | S89: PRIME | T89: 0 | V89: =VLOOKUP(MID(A89,2,1),Sheet4!A:B,2,FALSE) -> Gd.04 | W89: =IF(MID(C89,14,1)="A",RIGHT(C89,4)/1,IF(MID(C89,13,1)="+",RIGHT(C89,5)/10,IF(MID(C89,13,1)="-",RIGHT(C89,5)/1))) -> 6180 | X89: =IF(W89<3000,"St","LT") -> LT | Y89: =VLOOKUP(RIGHT(L89,1),Sheet4!F:G,2,FALSE) -> Prime
A90: 5C07 | B90: PT. DHARMA POLIMETAL TBK. | C90: X1B00AKO0140+60000 | G90: 17,30 | H90: 1,40 | I90: 6.000,00mm | J90: 231 | K90: 760.914 | L90: 5251924A0A | N90: 0 | Q90: PT. DHARMA POLIMETAL TBK. | R90: FAST | S90: PRIME | T90: 0 | V90: =VLOOKUP(MID(A90,2,1),Sheet4!A:B,2,FALSE) -> Gd.03 | W90: =IF(MID(C90,14,1)="A",RIGHT(C90,4)/1,IF(MID(C90,13,1)="+",RIGHT(C90,5)/10,IF(MID(C90,13,1)="-",RIGHT(C90,5)/1))) -> 6000 | X90: =IF(W90<3000,"St","LT") -> LT | Y90: =VLOOKUP(RIGHT(L90,1),Sheet4!F:G,2,FALSE) -> Prime
A91: 5D15 | B91: PT. DHARMA POLIMETAL TBK. | C91: X1B00AKO0140+60000 | G91: 17,30 | H91: 1,40 | I91: 6.000,00mm | J91: 37 | K91: 121.878 | L91: 5251924A0A | N91: 0 | Q91: PT. DHARMA POLIMETAL TBK. | R91: FAST | S91: PRIME | T91: 0 | V91: =VLOOKUP(MID(A91,2,1),Sheet4!A:B,2,FALSE) -> Gd.04 | W91: =IF(MID(C91,14,1)="A",RIGHT(C91,4)/1,IF(MID(C91,13,1)="+",RIGHT(C91,5)/10,IF(MID(C91,13,1)="-",RIGHT(C91,5)/1))) -> 6000 | X91: =IF(W91<3000,"St","LT") -> LT | Y91: =VLOOKUP(RIGHT(L91,1),Sheet4!F:G,2,FALSE) -> Prime
A92: 5D13 | B92: PT. METALINDO MULTIDINAMIKA MANDIRI | C92: X1B00AKO0150+64100 | G92: 17,30 | H92: 1,50 | I92: 6.410,00mm | J92: 313 | K92: 1172.498 | L92: 5262884B0A | N92: 0 | Q92: PT. METALINDO MULTIDINAMIKA MANDIRI | R92: FAST | S92: PRIME | T92: 0 | V92: =VLOOKUP(MID(A92,2,1),Sheet4!A:B,2,FALSE) -> Gd.04 | W92: =IF(MID(C92,14,1)="A",RIGHT(C92,4)/1,IF(MID(C92,13,1)="+",RIGHT(C92,5)/10,IF(MID(C92,13,1)="-",RIGHT(C92,5)/1))) -> 6410 | X92: =IF(W92<3000,"St","LT") -> LT | Y92: =VLOOKUP(RIGHT(L92,1),Sheet4!F:G,2,FALSE) -> Prime
A93: 5D11 | B93: KAMAL SEJAHTERA INDONESIA | C93: X1B00AMA0080+52700 | D93: 3/4" | G93: 19,10 | H93: 0,80 | I93: 5.270,00mm | J93: 65 | K93: 123.695 | L93: 5260525F0A | N93: 0 | Q93: KAMAL SEJAHTERA INDONESIA | R93: FAST | S93: PRIME | T93: 0 | V93: =VLOOKUP(MID(A93,2,1),Sheet4!A:B,2,FALSE) -> Gd.04 | W93: =IF(MID(C93,14,1)="A",RIGHT(C93,4)/1,IF(MID(C93,13,1)="+",RIGHT(C93,5)/10,IF(MID(C93,13,1)="-",RIGHT(C93,5)/1))) -> 5270 | X93: =IF(W93<3000,"St","LT") -> LT | Y93: =VLOOKUP(RIGHT(L93,1),Sheet4!F:G,2,FALSE) -> Prime
A94: 5A02 | C94: X1B00AMA0090+58000 | D94: 3/4" | G94: 19,10 | H94: 0,90 | I94: 5.800,00mm | J94: 60 | K94: 140.58 | L94: 5261208F0A | N94: 0 | R94: FAST | S94: PRIME | T94: 0 | V94: =VLOOKUP(MID(A94,2,1),Sheet4!A:B,2,FALSE) -> Gd.01 | W94: =IF(MID(C94,14,1)="A",RIGHT(C94,4)/1,IF(MID(C94,13,1)="+",RIGHT(C94,5)/10,IF(MID(C94,13,1)="-",RIGHT(C94,5)/1))) -> 5800 | X94: =IF(W94<3000,"St","LT") -> LT | Y94: =VLOOKUP(RIGHT(L94,1),Sheet4!F:G,2,FALSE) -> Prime
A95: 5B05 | C95: X1B00AMA0100+58940 | D95: 3/4" | G95: 19,10 | H95: 1,00 | I95: 5.894,00mm | J95: 2 | K95: 5.262 | L95: 5242344B0C | N95: 0 | P95: 227/NCR-SKF/I/2025 VISUAL ROTLMARK | R95: FAST | S95: NON PRIME | T95: 0 | V95: =VLOOKUP(MID(A95,2,1),Sheet4!A:B,2,FALSE) -> Gd.02 | W95: =IF(MID(C95,14,1)="A",RIGHT(C95,4)/1,IF(MID(C95,13,1)="+",RIGHT(C95,5)/10,IF(MID(C95,13,1)="-",RIGHT(C95,5)/1))) -> 5894 | X95: =IF(W95<3000,"St","LT") -> LT | Y95: =VLOOKUP(RIGHT(L95,1),Sheet4!F:G,2,FALSE) -> Grd C
A96: 5C08 | B96: PT. RODA PRIMA LANCAR | C96: X1B00AMA0100+58940 | D96: 3/4" | G96: 19,10 | H96: 1,00 | I96: 5.894,00mm | J96: 66 | K96: 173.646 | L96: 5261684F0A | N96: 0 | Q96: PT. RODA PRIMA LANCAR | R96: FAST | S96: PRIME | T96: 0 | V96: =VLOOKUP(MID(A96,2,1),Sheet4!A:B,2,FALSE) -> Gd.03 | W96: =IF(MID(C96,14,1)="A",RIGHT(C96,4)/1,IF(MID(C96,13,1)="+",RIGHT(C96,5)/10,IF(MID(C96,13,1)="-",RIGHT(C96,5)/1))) -> 5894 | X96: =IF(W96<3000,"St","LT") -> LT | Y96: =VLOOKUP(RIGHT(L96,1),Sheet4!F:G,2,FALSE) -> Prime
A97: 5D13 | B97: PT. RODA PRIMA LANCAR | C97: X1B00AMA0100+58940 | D97: 3/4" | G97: 19,10 | H97: 1,00 | I97: 5.894,00mm | J97: 271 | K97: 713.001 | L97: 5261686F0A | N97: 0 | Q97: PT. RODA PRIMA LANCAR | R97: FAST | S97: PRIME | T97: 0 | V97: =VLOOKUP(MID(A97,2,1),Sheet4!A:B,2,FALSE) -> Gd.04 | W97: =IF(MID(C97,14,1)="A",RIGHT(C97,4)/1,IF(MID(C97,13,1)="+",RIGHT(C97,5)/10,IF(MID(C97,13,1)="-",RIGHT(C97,5)/1))) -> 5894 | X97: =IF(W97<3000,"St","LT") -> LT | Y97: =VLOOKUP(RIGHT(L97,1),Sheet4!F:G,2,FALSE) -> Prime
A98: 5C08 | B98: PT. KOMPONEN FUTABA NUSAPERSADA | C98: X1B00AMA0100+61000 | D98: 3/4" | G98: 19,10 | H98: 1,00 | I98: 6.100,00mm | J98: 109 | K98: 296.807 | L98: 5261687F0A | N98: 0 | Q98: PT. KOMPONEN FUTABA NUSAPERSADA | R98: FAST | S98: PRIME | T98: 0 | V98: =VLOOKUP(MID(A98,2,1),Sheet4!A:B,2,FALSE) -> Gd.03 | W98: =IF(MID(C98,14,1)="A",RIGHT(C98,4)/1,IF(MID(C98,13,1)="+",RIGHT(C98,5)/10,IF(MID(C98,13,1)="-",RIGHT(C98,5)/1))) -> 6100 | X98: =IF(W98<3000,"St","LT") -> LT | Y98: =VLOOKUP(RIGHT(L98,1),Sheet4!F:G,2,FALSE) -> Prime
A99: 5D05 | B99: PT. KOMPONEN FUTABA NUSAPERSADA | C99: X1B00AMA0100+61000 | D99: 3/4" | G99: 19,10 | H99: 1,00 | I99: 6.100,00mm | J99: 219 | K99: 596.337 | L99: 5261687F0A | N99: 0 | Q99: PT. KOMPONEN FUTABA NUSAPERSADA | R99: FAST | S99: PRIME | T99: 0 | V99: =VLOOKUP(MID(A99,2,1),Sheet4!A:B,2,FALSE) -> Gd.04 | W99: =IF(MID(C99,14,1)="A",RIGHT(C99,4)/1,IF(MID(C99,13,1)="+",RIGHT(C99,5)/10,IF(MID(C99,13,1)="-",RIGHT(C99,5)/1))) -> 6100 | X99: =IF(W99<3000,"St","LT") -> LT | Y99: =VLOOKUP(RIGHT(L99,1),Sheet4!F:G,2,FALSE) -> Prime
A100: 5D05 | B100: PT. KOMPONEN FUTABA NUSAPERSADA | C100: X1B00AMA0100+61000 | D100: 3/4" | G100: 19,10 | H100: 1,00 | I100: 6.100,00mm | J100: 323 | K100: 879.529 | L100: 5262833F0A | N100: 0 | Q100: PT. KOMPONEN FUTABA NUSAPERSADA | R100: FAST | S100: PRIME | T100: 0 | V100: =VLOOKUP(MID(A100,2,1),Sheet4!A:B,2,FALSE) -> Gd.04 | W100: =IF(MID(C100,14,1)="A",RIGHT(C100,4)/1,IF(MID(C100,13,1)="+",RIGHT(C100,5)/10,IF(MID(C100,13,1)="-",RIGHT(C100,5)/1))) -> 6100 | X100: =IF(W100<3000,"St","LT") -> LT | Y100: =VLOOKUP(RIGHT(L100,1),Sheet4!F:G,2,FALSE) -> Prime
A101: 5D09 | B101: PT. KOMPONEN FUTABA NUSAPERSADA | C101: X1B00AMA0100+61000 | D101: 3/4" | G101: 19,10 | H101: 1,00 | I101: 6.100,00mm | J101: 106 | K101: 288.638 | L101: 5261687F0A | N101: 0 | Q101: PT. KOMPONEN FUTABA NUSAPERSADA | R101: FAST | S101: PRIME | T101: 0 | V101: =VLOOKUP(MID(A101,2,1),Sheet4!A:B,2,FALSE) -> Gd.04 | W101: =IF(MID(C101,14,1)="A",RIGHT(C101,4)/1,IF(MID(C101,13,1)="+",RIGHT(C101,5)/10,IF(MID(C101,13,1)="-",RIGHT(C101,5)/1))) -> 6100 | X101: =IF(W101<3000,"St","LT") -> LT | Y101: =VLOOKUP(RIGHT(L101,1),Sheet4!F:G,2,FALSE) -> Prime
A102: 5D10 | B102: PT. KOMPONEN FUTABA NUSAPERSADA | C102: X1B00AMA0100+61000 | D102: 3/4" | G102: 19,10 | H102: 1,00 | I102: 6.100,00mm | J102: 54 | K102: 147.042 | L102: 5261684F0A | N102: 0 | Q102: PT. KOMPONEN FUTABA NUSAPERSADA | R102: FAST | S102: PRIME | T102: 0 | V102: =VLOOKUP(MID(A102,2,1),Sheet4!A:B,2,FALSE) -> Gd.04 | W102: =IF(MID(C102,14,1)="A",RIGHT(C102,4)/1,IF(MID(C102,13,1)="+",RIGHT(C102,5)/10,IF(MID(C102,13,1)="-",RIGHT(C102,5)/1))) -> 6100 | X102: =IF(W102<3000,"St","LT") -> LT | Y102: =VLOOKUP(RIGHT(L102,1),Sheet4!F:G,2,FALSE) -> Prime
A103: 5D10 | B103: PT. KOMPONEN FUTABA NUSAPERSADA | C103: X1B00AMA0100+61000 | D103: 3/4" | G103: 19,10 | H103: 1,00 | I103: 6.100,00mm | J103: 217 | K103: 590.891 | L103: 5261687F0A | N103: 0 | Q103: PT. KOMPONEN FUTABA NUSAPERSADA | R103: FAST | S103: PRIME | T103: 0 | V103: =VLOOKUP(MID(A103,2,1),Sheet4!A:B,2,FALSE) -> Gd.04 | W103: =IF(MID(C103,14,1)="A",RIGHT(C103,4)/1,IF(MID(C103,13,1)="+",RIGHT(C103,5)/10,IF(MID(C103,13,1)="-",RIGHT(C103,5)/1))) -> 6100 | X103: =IF(W103<3000,"St","LT") -> LT | Y103: =VLOOKUP(RIGHT(L103,1),Sheet4!F:G,2,FALSE) -> Prime
A104: 5D14 | B104: PT. KOMPONEN FUTABA NUSAPERSADA | C104: X1B00AMA0100+61000 | D104: 3/4" | G104: 19,10 | H104: 1,00 | I104: 6.100,00mm | J104: 104 | K104: 283.192 | L104: 5261684F0A | N104: 0 | Q104: PT. KOMPONEN FUTABA NUSAPERSADA | R104: FAST | S104: PRIME | T104: 0 | V104: =VLOOKUP(MID(A104,2,1),Sheet4!A:B,2,FALSE) -> Gd.04 | W104: =IF(MID(C104,14,1)="A",RIGHT(C104,4)/1,IF(MID(C104,13,1)="+",RIGHT(C104,5)/10,IF(MID(C104,13,1)="-",RIGHT(C104,5)/1))) -> 6100 | X104: =IF(W104<3000,"St","LT") -> LT | Y104: =VLOOKUP(RIGHT(L104,1),Sheet4!F:G,2,FALSE) -> Prime
A105: 5D05 | B105: PT. KOMPONEN FUTABA NUSAPERSADA | C105: X1B00AMA0100+63400 | D105: 3/4" | G105: 19,10 | H105: 1,00 | I105: 6.340,00mm | J105: 310 | K105: 877.3 | L105: 5262833F0A | N105: 0 | Q105: PT. KOMPONEN FUTABA NUSAPERSADA | R105: FAST | S105: PRIME | T105: 0 | V105: =VLOOKUP(MID(A105,2,1),Sheet4!A:B,2,FALSE) -> Gd.04 | W105: =IF(MID(C105,14,1)="A",RIGHT(C105,4)/1,IF(MID(C105,13,1)="+",RIGHT(C105,5)/10,IF(MID(C105,13,1)="-",RIGHT(C105,5)/1))) -> 6340 | X105: =IF(W105<3000,"St","LT") -> LT | Y105: =VLOOKUP(RIGHT(L105,1),Sheet4!F:G,2,FALSE) -> Prime
A106: 5D05 | B106: PT. KOMPONEN FUTABA NUSAPERSADA | C106: X1B00AMA0100+63400 | D106: 3/4" | G106: 19,10 | H106: 1,00 | I106: 6.340,00mm | J106: 291 | K106: 823.53 | L106: 5262834F0A | N106: 0 | Q106: PT. KOMPONEN FUTABA NUSAPERSADA | R106: FAST | S106: PRIME | T106: 0 | V106: =VLOOKUP(MID(A106,2,1),Sheet4!A:B,2,FALSE) -> Gd.04 | W106: =IF(MID(C106,14,1)="A",RIGHT(C106,4)/1,IF(MID(C106,13,1)="+",RIGHT(C106,5)/10,IF(MID(C106,13,1)="-",RIGHT(C106,5)/1))) -> 6340 | X106: =IF(W106<3000,"St","LT") -> LT | Y106: =VLOOKUP(RIGHT(L106,1),Sheet4!F:G,2,FALSE) -> Prime
A107: 5D13 | B107: PT. KOMPONEN FUTABA NUSAPERSADA | C107: X1B00AMA0100+63400 | D107: 3/4" | G107: 19,10 | H107: 1,00 | I107: 6.340,00mm | J107: 40 | K107: 113.2 | L107: 5261687F0A | N107: 0 | Q107: PT. KOMPONEN FUTABA NUSAPERSADA | R107: FAST | S107: PRIME | T107: 0 | V107: =VLOOKUP(MID(A107,2,1),Sheet4!A:B,2,FALSE) -> Gd.04 | W107: =IF(MID(C107,14,1)="A",RIGHT(C107,4)/1,IF(MID(C107,13,1)="+",RIGHT(C107,5)/10,IF(MID(C107,13,1)="-",RIGHT(C107,5)/1))) -> 6340 | X107: =IF(W107<3000,"St","LT") -> LT | Y107: =VLOOKUP(RIGHT(L107,1),Sheet4!F:G,2,FALSE) -> Prime
A108: 5D24 | B108: PT. KOMPONEN FUTABA NUSAPERSADA | C108: X1B00AMA0100+63400 | D108: 3/4" | G108: 19,10 | H108: 1,00 | I108: 6.340,00mm | J108: 187 | K108: 529.21 | L108: 5261687F0A | N108: 0 | Q108: PT. KOMPONEN FUTABA NUSAPERSADA | R108: FAST | S108: PRIME | T108: 0 | V108: =VLOOKUP(MID(A108,2,1),Sheet4!A:B,2,FALSE) -> Gd.04 | W108: =IF(MID(C108,14,1)="A",RIGHT(C108,4)/1,IF(MID(C108,13,1)="+",RIGHT(C108,5)/10,IF(MID(C108,13,1)="-",RIGHT(C108,5)/1))) -> 6340 | X108: =IF(W108<3000,"St","LT") -> LT | Y108: =VLOOKUP(RIGHT(L108,1),Sheet4!F:G,2,FALSE) -> Prime
...

Sheet MP repair
A1: No | B1: Tanggal | C1: Jumlah Operator | D1: Shift | E1: Gudang
A2: 1 | B2: 46266 | C2: 3 | D2: 1 | E2: Gd 5
A3: 2 | B3: 46266 | C3: 2 | D3: 1 | E3: Gd 1
A4: 3 | B4: 46266 | C4: 7 | D4: 1 | E4: Gd 13
A5: 4 | B5: 46267 | C5: 4 | D5: 1 | E5: Gd 5
A6: 5 | B6: 46267 | C6: 4 | D6: 1 | E6: Gd 1
A7: 6 | B7: 46267 | C7: 5 | D7: 1 | E7: Gd 13
A8: 7 | B8: 46268 | C8: 4 | D8: 1 | E8: Gd 5
A9: 8 | B9: 46268 | C9: 2 | D9: 1 | E9: Gd 1
A10: 9 | B10: 46268 | C10: 6 | D10: 1 | E10: Gd 13
A11: 10 | B11: 46269 | C11: 4 | D11: 1 | E11: Gd 5
A12: 11 | B12: 46269 | C12: 2 | D12: 1 | E12: Gd 1
A13: 12 | B13: 46269 | C13: 4 | D13: 1 | E13: Gd 13
... A16: 15 | B16: 46270 | C16: 5 | D16: 1 | E16: Gd 13

Sheet Sheet4
A1: Kode Sloc | B1: Gudang | D1: Range Coil/Strip | E1: Coil/Strip | F1: Kode Batch | G1: Grade
A2: A | B2: Gd.01 | D2: C1 Over 500mm | E2: 1. Coil | F2: 0 | G2: Prime
A3: B | B3: Gd.02 | D3: C2 1-500mm | E3: 2. Strip | F3: 3 | G3: Prime
A4: C | B4: Gd.03 | D4: C2 Over 500mm | E4: 1. Coil | F4: 5 | G4: Prime
A5: D | B5: Gd.04 | D5: C3 Over 500mm | E5: 3. Plat | F5: A | G5: Prime
A6: E | B6: Gd.05 | D6: J1 1-500mm | E6: 2. Strip | F6: C | G6: Grd C
A7: F | B7: Gd.06 | D7: J2 1-500mm | E7: 2. Strip | F7: E | G7: Grd E
A8: G | B8: Gd.08 | D8: J1 Over 500mm | E8: 1. Coil | F8: G | G8: Prime
A9: H | B9: Gd.09 | F9: O | G9: Prime
A10: I | B10: - | F10: B | G10: DG
A11: J | B11: Gd.10
A12: K | B12: Gd.11
A13: L | B13: Gd.12
A14: M | B14: Gd.13
A15: N | B15: Gd.14
A16: O | B16: -
